,id,name,overall_rating,review_count,address,zip
0,cal0Wpupxj9c_AV7WzDXsw,GRANVILLE,4.5,2215,8701 Beverly Blvd,90048
1,RVbZaawgEGmto6TxOoVBdQ,Running Goose,4.5,1466,1620 N Cahuenga Blvd,90028
2,88kri8FhXy8b3DQ_QjSMmQ,L'Antica Pizzeria Da Michele,4.5,1529,1534 N McCadden Pl,90028
3,h1R2iKYdm2lwukzMJvJqDw,Hangari Kalguksu,4.5,2209,3470 W 6th St,90020
4,iRjnWYY5oVJTaZ5teU1vOQ,King Chang - LA,5.0,212,3732 W 6th St,90020
5,WO12S4gvOYkYF8_70RWrQA,HanEuem,4.5,147,539 S Western Ave,90020
6,z0zaCVA-p_5xTsyUZrmR0g,Republique,4.0,6457,624 S La Brea Ave,90036
7,1RJCu-0D5ZEnVRBKwqodGQ,Great White,4.0,209,244 N Larchmont Blvd,90004
8,HuQtriV_ApipXfM8xax33w,Met Him At A Bar,4.5,466,801 S La Brea,90036
9,wvaNbC16NuJIQD0g8WPjRw,TOKKI - Korean Tapas,4.5,310,3465 W 6th St,90020
10,XT5o_SKmmpIGvwDKYZw5tg,The Highlight Room Grill,4.0,378,6417 Selma Ave,90028
11,1QLYTXPsRP4d7-VUtgmVew,Gunsmoke,4.5,25,1550 N El Centro Ave,90028
12,25fipMHUHLZTq0sVQINi5g,The Front Yard,4.0,2945,4222 Vineland Ave,91602
13,0IeIzElSBK1XJVqtzFvRlA,Pixiu Mala Hongtang,4.5,16,425 S Western Ave,90020
14,wwTc59Ul8abQO0dLon5jkA,Mother Tongue,4.0,112,960 N La Brea Ave,90038
15,dnYh7aAv1O5RwseWGdLOKQ,Ka'teen,4.0,312,6516 Selma Ave,90028
16,eMCp5br4J_4at3jIX2ljrg,Hui Tou Xiang,4.5,122,1643 N Cahuenga Blvd,90028
17,RpljDiS3TghWGL4ZezUxGw,Seoul Salon Restaurant & Bar,4.5,139,3600 Wilshire Blvd,90005
18,BSUDJiaKZwbB8G-GTUst_g,Beauty & Essex,4.0,1408,1615 Cahuenga Blvd,90028
19,rr-hXB0ZqXLzUP97yftp0g,Osteria Mamma,4.0,1820,5732 Melrose Ave,90038
20,23Qrcz2i9e2e8MstUIIO0A,Yuko Kitchen,4.5,1802,5484 Wilshire Blvd,90036
21,0SerWqGwzNWpTA2RBLVdUg,Sun Nong Dan,4.0,2134,3470 W 6th St,90020
22,irWMpwJ1JFx5ih4TTQVo6Q,The Edmon,4.5,258,5168 Melrose Ave,90038
23,DrToq9357afdpOyO5w0Y5w,Yup Dduk LA,4.5,2292,3603 W 6th St,90020
24,ccJcaRCHQkJmmnGC1SN4hQ,Louders,4.5,349,3470 W 6th St,90020
25,tpq6x8ksSE-miLP1JbiOmw,LAON,5.0,70,3446 Wilshire Blvd,90010
26,vs8USEc1A480H8MnmFKs5A,Chadolpoong,4.5,504,3470 W 6th St,90020
27,LNb-ElJwKIXS6Lx5xdRB1Q,Toca Madera - Los Angeles,4.0,2710,8450 W 3rd St,90048
28,eHwdLWQrg4nr_3fuiH_jhQ,Honey Night,5.0,407,3526 W 8th St,90005
29,LxCr7b3sOLnfDvpfZS7daQ,Seoul Night by Chef Kang,4.5,48,3377 Wilshire Blvd,90010
30,GKQApReu8U9hip4A2ApJ_A,Osteria La Buca,4.0,2163,5210 Melrose Ave,90038
31,3FlrvSaW-TSwkQDsCpKYEg,OSTE,5.0,372,8142 W Third St,90048
32,kdTFcDSl9vAR-btEm1Q2uw,Bao Dim Sum House,4.0,3363,8256 Beverly Blvd,90048
33,dNxZ53R6QUYOFtd2q0-S2Q,Casablanca Moroccan kitchens,5.0,318,6919 Melrose Ave,90038
34,pLP4joJ99UpIQpNh6kxZFw,Girl & The Goat,4.5,964,555-3 Mateo St,90013
35,MlmcOkwaNnxl3Zuk6HsPCQ,Slurpin' Ramen Bar - Los Angeles,4.5,5235,3500 W 8th St,90005
36,-KqNRM-drDM7Nu9i9xEnfA,La Pergoletta,4.5,1156,1802 Hillhurst Ave,90027
37,V_t4QBPg-eC9-rpD1TRYQg,Mother Wolf,4.0,260,1545 Wilcox Ave,90028
38,LJEsTC6Juzr0lL-hla7nVw,Mr. T,4.5,20,953 N Sycamore Ave,90038
39,KDcTFp2P40ycRj12GKKcXg,Rich Crab,4.5,123,4253 W 3rd St,90020
40,e0Vs3U-XkLkZ7EJ6JgPAYQ,Olivia,5.0,93,205 S Vermont Ave,90004
41,uzAbw27XQTXTivjgf2bN2w,Han Bat Sul Lung Tang,4.5,2561,4163 W 5th St,90020
42,qAAoilHU25Qr45FOQlA19g,Kang Ho-dong Baekjeong,4.5,4780,3465 W 6th St,90020
43,seiRoxoYszQt62oDq1J_-g,Mes Amis,4.5,43,1541 Wilcox Ave,90028
44,sXdOBghhw-ZU9S-1HxVZVA,Bacari Silverlake,4.5,1722,3626 Sunset Blvd,90026
45,sPw1o5OYWE5C2JtbTXp5wg,Jon & Vinny's Fairfax,4.0,2184,412 N Fairfax Ave,90036
46,RarITW4zBvhqKAK8FVOFCQ,Supremo,4.5,306,901 S La Brea Ave,90036
47,Xcl1eK5jHzx6x7wOKRWWDg,Gangnam Station Korean BBQ,4.5,251,3785 Wilshire Blvd,90010
48,ohosmz6FXVAeoW5nUkYwng,Pine & Crane,4.5,2714,1521 Griffith Park Blvd,90026
49,8LdFAPdaWMg9sVRgmRv0NQ,Mama Shelter Rooftop Bar,3.5,730,6500 Selma Ave,90028
50,_s3jlSbTZVvWSAt8_cEyWg,Junkyard Dog,5.0,23,4330 W Sunset Blvd,90029
51,VndWkH3-0P1c23BZiuuAbg,Cara Cara,4.0,277,1100 S Broadway,90015
52,y4X0KfHJ5XWwxMIRukVr1Q,Chang Hwa Dang,4.5,165,3377 Wilshire Blvd,90010
53,F2W1R7yIvSOqD1xH_F1cZA,Wood,4.0,938,2861 Sunset Blvd,90026
54,NQqA1cjS0rHn_96VwtnhMg,Good Goose Cafe,5.0,195,5210 Beverly Blvd,90004
55,AIhWsp8yNfKZfaX9d9Yajg,Pasta Sisters,4.5,1854,3343 W Pico Blvd,90019
56,eCfyO7laigVXu5VnaPcdmQ,Openaire,3.5,1326,3515 Wilshire Blvd,90010
57,71W-QN3-_DHnzUkAc7EG6Q,Stout Burgers & Beers,4.0,2284,1544 N Cahuenga Blvd,90028
58,_n0fEUZdbkLOimHz_IXkiQ,JOEY DTLA,4.0,2053,700 W 7th St,90017
59,TWHGJkTAbF22hvXeReQp9w,Kobawoo House,4.5,1358,698 S Vermont Ave,90005
60,-gZdC8aD42jiBeaAQH1-1g,Lolo,4.0,84,5140 W Sunset Blvd,90027
61,KF0iy1GeuDYm_1EyyVD6ig,TAO Asian Bistro,4.0,1365,6421 Selma Ave,90028
62,UN8HcPrLMRnUx3cv2D3-5A,Jail Joa,4.5,124,2500 W 8th St,90057
63,2XiO4xWGuSl5Bz1LQMQHQw,The Sisters Cafe,4.5,265,5910A W Sunset Blvd,90028
64,S3z6erO2TeljEc-dTPqc9Q,Firefly,4.0,2841,11720 Ventura Blvd,91604
65,KAG0aFy962JY38UeWI8pWQ,H&H Brazilian Steakhouse Downtown LA,4.5,815,518 W 7th St,90014
66,gd6PYDx-leOM97a3MWoO1g,Maccheroni Republic,4.5,3561,332 S Broadway,90013
67,h2u-coGd8WWClyU3b7jf8w,Met Her At A Bar,4.5,2181,759 S La Brea Ave,90036
68,K-Fbh2WCHlqR56H9TnfpNA,Perch,4.0,9363,448 S Hill St,90013
69,DJek3FUewBzMc0gS-Gms9w,Morrison Atwater Village,4.5,5762,3179 Los Feliz Blvd,90039
70,PI1TAMjFy1wO9OCiA-VWBA,Fixins Soul Kitchen - Los Angeles,4.5,879,800 W Olympic Blvd,90015
71,Dnn4_XmzQxOFNpnqh7KyWg,Seong Buk Dong,4.0,1198,3303 W 6th St,90020
72,UaxSpacBpGQrXv9Cytai2A,Woo Hyang Woo,4.5,856,3429 W 6th St,90020
73,PlQjtbZKOw7exAUfrswhNQ,The Kimbap,4.5,727,400 S Western Ave,90020
74,G55h6ynD4aFY0D_3TyAYpA,ABSteak By Chef Akira Back,5.0,123,8500 Beverly Blvd,90048
75,EWbbiUBkGzCYrEoOF05HzA,Gracias Madre - West Hollywood,4.0,4749,8905 Melrose Ave,90069
76,0vRsHjV66oUDcszA8EWq0w,Kali Restaurant,4.5,696,5722 Melrose Ave,90038
77,bOvnQYw5JJDhpOn70_RUkQ,OUI MELROSE,4.5,238,6909 Melrose Ave,90038
78,TkFEKhsCixPWlShULKvMdQ,Bottega Louie,4.0,17702,700 S Grand Ave,90017
79,BzmbRSKGs56Yw2w2R12khw,Hoy-Ka Thai Restaurant,4.5,2120,5908 Sunset Blvd,90028
80,MRfyb8R-M7rgJZzSOqbNJA,Magari,4.0,93,6115 Sunset Blvd,90028
81,3C2wUqSkpY4-N0O5ArVjwQ,Yuk Dae Jang,4.5,680,3033 W 6th St,90020
82,UdpE_5k2c3zsGBFdcAjMGA,Ruen Pair,4.0,1944,5257 Hollywood Blvd,90027
83,JxSNu4tMyiRe6WK7YW9GAg,MIAN | 滋味小面,4.0,279,5263 W Adams Blvd,90016
84,VqatIMkoea_OMvHaD2PwOw,KazuNori Koreatown,4.5,61,3465 W 6th St,90020
85,VjCMQkJviJquiJQEawPWfw,Meteora,4.0,114,6703 Melrose Avenue,90038
86,6b1Kud4nDwsqw1kILxI9ZQ,ixlb DimSum Eats,4.5,850,5900 Sunset Blvd,90028
87,_hHzOXG4SRkBIND2LZf4aQ,3rd Base LA,4.0,349,1562 N Cahuenga Blvd,90028
88,4Zx7Lw4U6F0sXrV4aiIyqQ,Majordomo,4.0,1184,1725 Naud St,90012
89,H57RMyO6BWWh-lJZAsZGVA,Superba Food + Bread,4.5,231,6530 Sunset Blvd,90028
90,ru7TAEo7lkbxMmkbFRGFMw,La Cevicheria,4.5,970,3809 W Pico Blvd,90019
91,VhKyyEcOll0rrOLAbZio3Q,SHIN,4.0,984,1655 N La Brea Ave,90028
92,ld3O8sfn0-z-JKBJdofz2g,Musso & Frank Grill,4.0,1967,6667 Hollywood Blvd,90028
93,7e9oi3zq_6pP_LU9YPEXLg,Rao's Hollywood,4.5,605,1006 Seward St,90038
94,0MbnNM2IvNWMQ1YsPfDTjQ,"The Butcher, The Baker, The Cappuccino Maker",4.0,2494,8653 W Sunset Blvd,90069
95,-ZcCFCdqMwOPXItB3REecA,Petit Trois,4.0,1029,718 N Highland Ave,90038
96,sSlFeRTzdCkkLO8mXBQG7Q,Marlou DTLA,4.5,151,819 S Flower St,90017
97,sHMQqLZqaMCZa5ICqpGiNg,Crab House,4.0,556,923 S Vermont Ave,90006
98,f8nMwVf1kYndUo8V1OdGjA,etta,4.5,594,8801 Washington Blvd,90232
99,CcqraT0cuGKYEcZ1ri_kxg,BROKEN MOUTH | Lee's Homestyle,5.0,1313,718 S Los Angeles St,90014
100,l9CyWFbCaU6Wk6b8Tc4i8Q,Sparrow,4.0,260,939 S Figueroa St.,90015
101,fxeuGYnoRWwm5aGDg1FRJA,Marugame Monzo,4.5,4262,329 E 1st St,90012
102,cD57FLQ-v-brcFOLZ0X0cQ,LA Rose Cafe,4.0,1112,4749 Fountain Ave,90029
103,LMLrEzn4MG0fExw4iMpWgg,Whistlin' Dixie,5.0,271,1523 N La Brea Ave,90028
104,oGryd1oetQO0gUuikkh90A,Bari,4.5,74,8422 W 3rd St,90048
105,TNkfaiMFw1e6dKWxTtGJHw,Vernetti,4.0,374,225 N Larchmont Blvd,90004
106,bJvQKjdfoSVoEDSca9hfHg,Cabra,4.5,260,1060 S Broadway,90015
107,nqYbRGPmYA0X_sjSBtXpgw,Sidewalk Grill,4.5,1139,1727 N Vermont Ave,90027
108,XMRFH5LF0zL_g_8Q7vzcaA,Hello Fish,4.5,366,414 S Western Ave,90020
109,-YE-UnethM8jbYFWl9ktRQ,Flavors From Afar,5.0,117,1046 S Fairfax,90019
110,h9PSJ18gQ4kos8A0XAGlng,Carlitos Gardel Argentine Steakhouse,4.5,1176,7963 Melrose Ave,90046
111,0MXg2BGvrpasvLi1RWmP9Q,Anan,4.5,77,318 S La Brea Ave,90036
112,Lop79P2KM9zFUCCaBYz6zA,Tlayuda L.A. Restaurant,4.5,812,5450 Santa Monica Blvd,90029
113,us0WnDOySVXXXwCqs0AaCw,Izakaya Osen - Los Angeles,4.5,1401,2903 Sunset Blvd,90026
114,g7bvMWpWSNxSoq8WxfEcZQ,Bottega Louie - WEHO,4.0,498,8936 Santa Monica Blvd,90069
115,fEY0zHaDMfIW3-N__joDKQ,Bestia,4.5,7010,2121 E 7th Pl,90021
116,1mb6fp_JRp4Y68GStJsGIQ,The Rooftop at The Wayfarer Downtown LA,3.5,499,813 Flower St,90017
117,gWM5n5Tyo5h74t-_lp1WUA,Zzamong,4.0,1282,4255 W 3rd St,90004
118,INEbr7OmgiqlMWq5Cta8WA,Ahgassi Gopchang,4.5,1965,3744 W 6th St,90005
119,JqAjeYMIRTkMpsvsZpqscw,Grandmaster Recorders,4.0,170,1518 N Cahuenga Blvd,90028
120,TzIJzamxdVGc3zReKbLGaA,Providence,4.5,2863,5955 Melrose Ave,90038
121,fntgJytgOwc_QKEWY1WW9Q,Gigi's,4.0,96,904 N Sycamore Ave,90038
122,jwCo4mgxtxf0hlyz6fNlzQ,Soulmate,4.0,325,631 N Robertson Blvd,90069
123,2BqQ9XjVBQVfMwQPQrmteg,Yongdudong Dokkaebi,5.0,11,1903 W Olympic Blvd,90006
124,S3CWNRdNqsIe62yvCEPfdw,Cara Restaurant,4.0,363,1730 N Western Ave,90027
125,y2eWXL2qbTW8tXyrEsfEqQ,Bacari W 3rd,4.5,845,8030 3/4 W 3rd St,90048
126,Fb3WueRF1ekhs72psinq5w,Mario's Peruvian & Seafood,4.0,2499,5786 Melrose Ave,90038
127,-9NXuo0g_NwOPfnKX3Vr_g,DAMA,4.5,954,612 E 11th St,90015
128,nGlLaC0p0naSlgdy2-HCVw,71 Above,4.0,2271,633 W 5th St,90071
129,yCMfb65Srl8NucvVEhubYA,One More Kitchen,4.5,119,300 S Mariposa Ave,90020
130,gAMhVggfelvAxE40Bg-ywQ,OTOTO,4.0,102,1360 Allison Ave,90026
131,YoQn8MtOimQbqi839TmeZw,Osteria Mozza,4.0,3094,6602 Melrose Ave,90038
132,jVYU9iXvBMiC2A4H12Azfg,AOC,4.0,2468,8700 W 3rd St,90048
133,3Pd3knaB6HW1-0TXXVyiuA,Rosaline,4.0,1050,8479 Melrose Ave,90069
134,q8buTNBt3FU9vie0D5OOxA,Pizzeria Mozza,4.0,4484,641 N Highland Ave,90036
135,gjPZZzmkVANey4vGFYmC7A,Little Sister,4.0,1676,523 W 7th St,90017
136,jATNfIC4EfHgN0GQEc7c2A,Sumac Mediterranean Cuisine,4.5,153,1156 N Highland Ave,90038
137,PX8INO1KIEn9kLGKQz8U-w,Ham Ji Park,4.0,1634,3407 W 6th St,90020
138,Rd_IrRGjqsxsvaXoaTqcVw,Saint Felix,4.0,844,1602 N Cahuenga Blvd,90028
139,A6LDWuEICzbyxfzN6nFuhg,HONG YEON LLC,4.0,10,3411 W Olympic Blvd,90019
140,OjUQ0wmRdctqjfz-lErGBQ,Uovo - Mid-Wilshire,4.5,266,6245 Wilshire Blvd,90048
141,HT4YTaRDyfGliUQb303kVA,Caribbean Soul Kitchen LA,4.5,50,5354 Wilshire Blvd,90036
142,vQw34CzFuo0qq37hHgHs_g,Izakaya Tora,4.5,339,8908 Santa Monica Blvd,90069
143,qX4i4xyc-8Im4PLpJX-L8g,Alta West Adams,3.5,618,5359 West Adams Blvd,90016
144,KtEMG1Aln3vQzte92QJxlw,Genwa Korean BBQ,4.5,3011,5115 Wilshire Blvd,90036
145,aOvUcX4sZEm8BYDkp_561w,Chris N’ Eddy’s,4.5,275,5539 Sunset Blvd,90028
146,zdjoo1GrpBgCNjgBB5h4_Q,Hot Motha Clucker,4.5,148,1708 N Las Palmas,90028
147,llKP5-ZAG8I-RVbKrSatQQ,Chibiscus Asian Cafe,4.5,1156,7361 W Sunset Blvd,90046
148,6i7KnRylm4bhPIApDFSVCg,Dave's Hot Chicken,4.5,3684,970 N Western Ave,90029
149,FvG80RRM9jYBK8T-NL_-sg,Papi Tacos & Churros,4.0,97,1320 Vine St,90028
150,3n3D8WCVKDgMLYlL0Tv8Tg,Wood & Vine,3.5,1510,6280 Hollywood Blvd,90028
151,G_V5eJFfYlTEERyIPR-8MQ,Otium,4.0,2231,222 S Hope St,90012
152,DoyIC0ElqglrlHBKDxXOwg,Sugar Taco,4.5,977,7257 Melrose Ave,90046
153,ePBR5sUMgUg9hFW20d5jeA,Manzke,4.5,34,9575 W Pico Blvd,90035
154,jQyPDZRaSWyru3ToNM6VEQ,Pijja Palace,4.0,160,2711 W Sunset Blvd,90026
155,wo3wnj3pMSOPkzqpvbey-g,Bavel,4.5,1924,500 Mateo St,90013
156,I6f8CpgqlaqWL6ThaPTd2A,Mr. Tempo Cantina,4.0,108,6714 Hollywood Blvd,90028
157,ul2dT8QzauKP5Yc-q_DZ_g,HomeState,4.5,1292,4624 Hollywood Blvd,90027
158,5LU6aNLDG10imXu3btmlcw,Annie's Soul Delicious,4.5,575,1066 S Fairfax Ave,90019
159,AyZUXwC5E-U6WInXGqcmcA,Sanamluang Cafe Hollywood,4.0,1790,5176 Hollywood Blvd,90027
160,M8OXVXxgWqsg4VUhMnRh8Q,Sisters Dumpling,4.5,95,1032 Crenshaw Blvd,90019
161,h_VkRMpSrtjdKDxUJ7sDOQ,Lala's Argentine Grill,4.0,2230,7229 Melrose Ave,90046
162,V4QgFXbLMmW_ycXg1YhXhQ,Sinjeon,4.0,65,450 S Western Ave,90020
163,7ykDFudSSYFq3RPuSxO77A,Tensho,4.5,48,418 E 2nd St,90012
164,uMY7uC9m7HxRNAZGkjtdbA,Bossa Nova on Sunset,3.5,3552,7181 W Sunset Blvd,90046
165,eoOJbi94rj9277dG7WIv0A,Home Restaurant - Los Feliz,4.0,3509,1760 Hillhurst Ave,90027
166,YpM5qRwt8uwC77WNZtGIfA,Muraya,4.0,149,125 N Larchmont Blvd,90004
167,2EnYyy0Vh8Ump4CRfdRx3g,Nics on Beverly,4.5,613,8265 Beverly Blvd,90048
168,v93hPyb_VYFHYz7t_jAlhw,HanShik Express,4.5,109,3959 Wilshire Blvd,90010
169,CBnXC267v0gjZVKWVWaNOA,Gamsung Pocha,5.0,10,3074 W 8th St,90005
170,labimxMfErB-poVmmw9n4g,Saffys,4.5,110,4845 Fountain Ave,90029
171,eUkd8atkJe4fkKGcD5QZ1A,HATCH,4.0,730,700 W 7th St,90017
172,ktn9AX_cmEqeEDjqdLynzg,Seoulmates,4.5,75,8320 W 3rd St,90048
173,zjY4EkcLa4rwMLcDtLkmsw,Next Door,4.5,45,7475 Beverly Blvd,90036
174,ztNZZHKmJOyVXM32WiyXcQ,Zinqué,4.0,943,8684 Melrose,90069
175,sYXSgqcBUHtcACUkh3JuQA,Ceviche Project,4.5,109,2524 Hyperion Ave,90027
176,4LFbJ8P4jCh70ZNKRig0qw,EMC Seafood & Raw Bar,4.0,3382,3500 W 6th St,90020
177,gCFw0Tx6h4E8oNwDYkIRTg,Bicyclette,4.0,185,9575 West Pico Blvd,90035
178,puo151bPwqvTl46LYZyOsA,Larchmont Bungalow Cafe,4.5,548,2110 Sunset Blvd,90026
179,P7S8klSRcucx_6xoLC7Eqw,BBQ + RICE,5.0,208,5706 Santa Monica Blvd,90038
180,sgqhqcRGuioPSNCVKA-PZg,Woon,4.5,286,2920 W Temple St,90026
181,Gm0rzA9EQD4GgSP9TimLPQ,Il Cielo,4.0,1563,9018 Burton Way,90211
182,JUOtI0Z9aHSE6JDR2542ig,Sōgo Roll Bar,4.5,119,4634 Hollywood Blvd,90027
183,U0-5DL9r3JJk6Vn7E2XK8A,Found Oyster,4.5,211,4880 Fountain Ave,90029
184,Nb6Qle4iE3eQsUe_rAR6EQ,Assa Dakbal,5.0,11,3950 Wilshire Blvd,90010
185,bEEgYy1GxSaQ8_M6a0fc4w,Wow Choripan,5.0,55,375 N Western Ave,90004
186,y148iaa36UlRwyOc1-ZasA,Per L'Ora,5.0,4,649 S Olive St,90017
187,JD6tyqraOsi5xF10J0KEwQ,Formosa Cafe,4.0,513,7156 Santa Monica Blvd,90046
188,JZ7Co0icWfR_g6wZ454j8w,Seabirds Kitchen - Los Feliz,4.5,40,2138 Hillhurst Ave,90027
189,BEItepse0gBSfkJ4sb_k-g,Hae Ha Heng Thai Bistro,4.5,1445,301 S Western Ave,90020
190,30p6BV9aLHDynFoYcA7Mag,Hanshin Pocha LA,4.0,93,3500 W 6th St,90020
191,bXfIgNNhPrfuvtQhCy7KMQ,Jones,4.0,1176,7205 Santa Monica Blvd,90046
192,IO94U9tWIVuw93g2ahEyEQ,Loupiotte Kitchen,4.5,285,1726 N Vermont Ave,90027
193,CNuWFfn8Xc7s6kKhIve2Sw,Chuck's Chicken & Waffles,1.0,4,7533 W Sunset Blvd,90046
194,yQVPKXmDIUb6yH3MM8Q3nQ,Strada Eateria & Bar,4.5,622,825 W 9th St,90015
195,lRScnMRd-FBlT5QQyrUEUQ,PASTA e PASTA by Allegro,4.5,1071,432 E 2nd St,90012
196,30jrTz8vh1xSXdtXMvt-mA,My Two Cents,4.5,826,5583 W Pico Blvd,90019
197,x-EWqvDTcQV3CfuGDG0-2Q,Cafe the Barn,4.0,173,228 S Oxford Ave,90004
198,ALF79fQM2QhMfsBhwPATng,Employees Only,4.0,406,7953 Santa Monica Blvd,90046
199,m_Mb47u9F_G8NR0Fmg6GRg,Cava,4.0,317,3201 S Hoover,90089
200,khApvUwH1Xhe3MtaXmaZsg,The Kickin’ Crab,4.5,189,6122 W Sunset Blvd,90028
201,LLj451UZrvt3SkZVrEZ4ew,MDK Noodles,4.0,1488,3630 Wilshire Blvd,90010
202,9BVOglLPURinZqVXD_yZCw,Bar Moruno,4.0,62,3705 Sunset Blvd,90026
203,ifl816Qs9aLF8WTpLmh-Bw,Off Vine Restaurant,4.0,982,6263 Leland Way,90028
204,qA9Dqezi-kqbIBtM3c07Ew,Manuela,4.0,1453,907 E 3rd St,90013
205,zD0Y5_YfUNWhoX315Wc-og,Mizlala Sycamore,4.5,84,7007 W Romaine St,90038
206,8W9bg0G93FLskZsKxgbutg,Encanto,4.0,68,2121 Hillhurst Ave,90027
207,WkM87Xr2NIECZU_KXKCm8Q,Craig's,4.0,1135,8826 Melrose Ave,90069
208,iVyVs8L6xTtZZb1k050Ajg,Atrium,4.0,444,1816 - A N Vermont Ave,90027
209,b_A9p1UdTIaDee_6yf-tdg,Pasta Corner,4.5,56,6333 W 3rd St,90036
210,QSVV0dH_D_axv6Z1t42QFQ,Katsu Bar,4.5,35,3801 W 6th St,90020
211,D7ycEc5GR32GcGRhviK2Hg,The Barish,4.0,95,7000 Hollywood Blvd,90028
212,ERqWIIhbV4d_x_1pvoSsgA,DaeBuDo,4.5,260,3916 Wilshire Blvd,90010
213,9d-yj1lHBwdSCPq2CbJ58A,Soregashi,4.5,151,6775 Santa Monica Blvd,90038
214,hI1lsLwckjRqoYt1zHrVVA,hanchic.,4.5,299,2500 W 8th St,90057
215,Aq1vM8LCcb8mdpCOKCdlsw,Tsubaki,4.0,331,1356 Allison Ave,90026
216,LkxqUpoIxcd0tpIuSdeo-g,Karibbean Cuisine,5.0,8,5427 Venice Blvd,90019
217,59taFywC94rseFrt6J5c3A,Il Pastaio,4.0,1919,400 N Canon Dr,90210
218,6QeZEUhFk1_vZhWvktKnmA,Fat Sal's Deli - Hollywood,4.0,2499,1300 N Highland Ave,90028
219,_DiPHeKsR9Pzk-lrAiwv-Q,Pura Vita,4.5,723,8274 Santa Monica Blvd,90046
220,F64dimaPmt7_imQ4s2yGow,Gogobop Korean Rice Bar,4.5,356,3456 Wilshire Blvd,90010
221,-cwr9yJXxSMQZ0GP3NkVog,Jeong Yuk Jeom,4.0,409,621 S Western Ave,90005
222,UTBAwLDlZVFNHz44e0DLRg,Antico Nuovo,4.0,160,4653 Beverly Blvd,90004
223,e8yeADAtTGRyzkOLG5iKSg,Little Jewel of New Orleans,4.0,1900,207 Ord St,90012
224,Z57u3vyjkRiO5yIOkmGRNA,Carousel Restaurant,4.5,861,5112 Hollywood Blvd,90027
225,NgQJZd8PSiFSPC0d90Cf7g,Ardor,4.0,174,9040 W Sunset Blvd,90069
226,BMY_rFju6Lyg0g8Mj6atpQ,Beachwood Cafe,4.0,626,2695 N Beachwood Dr,90068
227,E4W2T89vm4hmBwk39EoUuw,Tatsu Ramen,4.0,3935,7111 Melrose Ave,90046
228,fCfkMf27m2PcTWXLTrLM7Q,Fratelli Cafe,4.5,2104,7200 Melrose Ave,90046
229,IdZlpB9Z9vCAXa_6AJHLEQ,Ghost Sando Shop,5.0,39,7801 Melrose Ave,90046
230,-5TFq3V--bffJGW000YuGQ,Holbox,5.0,640,3655 S Grand Ave,90007
231,k7uDQ8CqreIA-Ez2v62-aQ,Star Night,4.0,302,3855 Wilshire Blvd,90010
232,OVYbBxiA-MFNE3wSKlSlgg,The Little Door,4.0,2355,8164 W 3rd St,90048
233,phMPgmi6-yh3Qs_PRbTT1g,Mercado,4.0,1294,7910 W 3rd St,90048
234,ISl4TG4ski6eSdjJwh3zlg,LAVO Ristorante,3.5,200,9201 Sunset Blvd,90069
235,bL8ypAeHQR1VOZLFgmSR7g,The Village Idiot,4.0,1319,7383 Melrose Ave,90046
236,iYLyVP1uRs56wZ3FK_lCdw,The Guest House,4.0,366,1750 Hillhurst Ave,90027
237,6GTaESIP0r1oFunFqqevsw,Cafe Gratitude,4.0,2252,639 N Larchmont Blvd,90004
238,oXyxZyThhEGJBompHTvbEQ,Double Trouble Union,5.0,116,3513 W 6th St L,90020
239,rYPQv2bCk2orpbHCBfY5Uw,Johnny's West Adams,4.0,373,4327 W Adams Blvd,90018
240,PLfZ1ACQRAC1bgOTzS5rBA,Tu Madre - West Hollywood,4.0,645,1111 N Hayworth Ave,90046
241,-bKSg3-kXFSFUA7baQndMw,Needle,4.5,76,3827 W Sunset Blvd,90026
242,i7DTjyOXM4sSHNzU9Ghvuw,Norah,4.0,808,8279 Santa Monica Blvd,90046
243,pjh40JY5YwWeV8aKhkXERg,Two Hands Hotdog,4.0,998,450 S Western Ave,90020
244,BEJU1_EDtayPPmDXlUIknw,Sonoratown 2,4.5,44,5610 San Vicente Blvd,90019
245,9OhKC782fYh0akM1VIfMxQ,The Carving Board,4.5,744,7300 Sunset Blvd,90046
246,T-9I7nKH2rBbNpq9uPwT8w,The Lonely Oyster,4.0,28,1320 Echo Park Ave,90026
247,10cBgJc-d8biKAAL_Bk0CA,Amphai Northern Thai Food,4.5,287,5301 Sunset Blvd,90027
248,QRp8xguSU7XeXH72LDnRFw,Versailles,4.0,1588,1415 S La Cienega Blvd,90035
249,IxuAHGu-eQ4fZJZTdzGTYQ,Gus's World Famous Fried Chicken,4.0,1627,1262 Crenshaw Blvd,90019
250,6RptZH8sx1vnQ_io_HrmeA,Merois,4.0,154,8430 Sunset Blvd,90069
251,k8xtuersBm2cZl0Lao2K5g,The Bun Shop,4.0,1772,151 N Western Ave,90004
252,rLKI1EzuwGUFixHtqXqZ9g,25 Degrees,3.5,1945,7000 Hollywood Blvd,90028
253,BAdOTHAvXneDDu4Maqk67g,Sun Nong Dan,4.0,319,710 S Western Ave,90005
254,i4jaeyr-C1KiN9rPj5qcfg,Omakase Osen,5.0,3,3503 Sunset Blvd,90026
255,zRzmTeTnjf7Gm4WQzqd1xQ,Totoyama Sushi & Ramen,4.0,439,6201 Hollywood Blvd,90028
256,AWQELVqEeeCbstdp8PUVYg,The Ppong,4.5,210,4003 Wilshire Blvd,90010
257,Osce6shPInsQLAhtJEJnng,El Zarape,4.0,832,5203 Fountain Ave,90029
258,3NNz-pVT_auFKzqt45D2ZA,Western Doma Noodles,4.0,620,429 N Western Ave,90004
259,tW4eYiMzeWtcJS7kLHL54g,Pampas Grill,4.0,1312,6333 W 3rd St,90036
260,GbAZbcCR969hfa4kCQqRcw,Eat This Cafe,4.5,1860,6547 Santa Monica Blvd,90038
261,JRb7dujShIS-raj42T6-iw,Mokupuni,5.0,1,4427 sunset blvd,90027
262,PAIj6CphMmyKr5WH0nDWIg,Causita,4.0,102,3709 Sunset Blvd,90026
263,7O1ORGY36A-2aIENyaJWPg,Howlin' Ray's,4.5,7319,727 N Broadway,90012
264,Hd6wCJbQz81UdD_EyOumPA,Raffi's Place,4.5,5519,211 E Broadway,91205
265,QHqdoF0ZvI-RXFIJwE5vLw,The Kluckin Chicken,4.5,413,5022 Melrose Ave,90038
266,borw1LsTQAwaCIoNoa35bw,Oh My Crab,4.0,312,3000 W 6th St,90020
267,g83JcbEp4DyKOcLJNmswvA,CevicheStop,4.0,178,2901 S La Cienega Blvd,90232
268,d3XUaeoSV8kIRKDPMibyiA,Eszett,4.0,103,3510 Sunset Blvd,90026
269,JYGPEUZy4k5ObXGIjcD3DA,Hae Jang Chon,4.0,5459,3821 W 6th St,90020
270,QLXO-aOTh06CaA8_E9wt2w,Otus Thai Kitchen & Coffee,4.5,623,1253 N La Brea Ave,90038
271,sYcLm4n3k-FYZm_bKTUJ-g,Haemaru,4.0,186,3498 W 8th St,90005
272,TmDZlfdPWgvQvXrZZcDiGA,The Silver Lake House,4.5,469,1737 Silver Lake Blvd,90026
273,lq1MXuvw45E9SfpQL-LMgw,Tesse,4.0,581,8500 W Sunset Blvd,90069
274,oUfPbdzIC1U3TyfeRR-SSg,Saikai Ramen Bar,5.0,252,209 N Western Ave,90004
275,pl5_OLDDXMOdJneeTya48A,LOVE,5.0,216,8205 Santa Monica Blvd,90046
276,WwC3_ApPhjTbv2YT5pH2oA,Yardbird,4.0,1319,8500 Beverly Blvd,90048
277,LlaXbuPQBsRXjZFEx5Wkjw,Pace,4.0,1116,2100 Laurel Canyon Blvd,90046
278,li-7BWzzZl9UtkqR7vvVlQ,Fanny's,4.0,123,6067 Wilshire Blvd,90036
279,hC745S5W4HTq606ySmBJNw,KazuNori  | The Original Hand Roll Bar,4.5,3175,421 S Main St,90013
280,P9Dt_kkU5BTe1v0tJ4KFNw,Angelini Osteria,4.0,2044,7313 Beverly Blvd,90036
281,SREXeeGWWQwKP54fCljwZg,Monsieur Marcel,4.0,904,6333 W 3rd St,90036
282,qCJ2LFfNbXYBIcjXNva1cA,Langer's Delicatessen,4.5,4195,704 S Alvarado St,90057
283,cJcf74uix2OELGHzsMhaPQ,Slab Barbecue,4.0,541,8136 W 3rd St,90048
284,_a1mVQvn7Ucp7aKm7XaAig,Habachihana Grill,4.0,269,1045 S Hill St,90015
285,xPoZ1x-sGynBexrmRXyKlA,All Day Baby,4.0,313,3200 W Sunset Blvd,90026
286,NbJjcoEoLJPOqmeDYbAKFQ,Issima,4.0,117,623 N La Peer Dr,90046
287,vR2LjJP3beB56AuPGSBSJw,KazuNori: The Original Hand Roll Bar,4.0,237,6245 Wilshire Blvd,90048
288,IMoMSsC3oDqcNZCQXyo8iQ,Concerto,4.0,1354,610 S Serrano Ave,90005
289,bJeMe365G76fcnFqBHxppg,Full Moon House,4.0,408,960 N Hill St,90012
290,pbalg1VNA8JMVt9kIiATUA,Katana,4.0,1976,8439 W Sunset Blvd,90069
291,UZYUb8E_FKloJW1akvTpqg,Melrose Station,4.0,120,7384 Melrose Ave,90046
292,_sN1bF7C19hnwUryOwSgFQ,Rikas Peruvian Cuisine,4.5,224,3553 W 3rd St,90020
293,dq2iOFVVdwYFzQJ629ICjg,Sol Agave,4.5,253,800 W Olympic Blvd,90015
294,oQVQ2Ihv2biHJ2jzn3WbnQ,Thai Street Food Market,4.5,3,5270 Sunset Blvd,90027
295,zescAlXv7_bcqcxi38ZeHw,Kuya Lord,4.5,58,5003 Melrose Ave,90038
296,QSlOdasd3u1nSFWfyVBV3Q,Meat on rice,5.0,16,615 N Western Ave,90004
297,nMCeecupa8jfOq7-Dcs6Dg,Kato,4.5,454,777 Alameda St,90021
298,32Wd-O6flvq5vzyUaerX9A,Aki Shabu Ktown,5.0,55,621 S Western Ave 301,90005
299,g5s8qBx7_uUU-3pALdvCMQ,Rice & Nori,4.5,548,123 Astronaut E S Onizuka St,90012
300,X9KlLFQGSgC0A-q-p1Hu6Q,Egg Tuck,4.5,794,3458 Wilshire Blvd,90010
301,cAwkHVjhAJpsZOayXgUIHw,Three Borders Brunch & Grill,5.0,562,5269 W Olympic Blvd,90036
302,Lq8L2-YSTp0Mide31o55wQ,Smash Me Baby,4.5,45,6110 Sunset Blvd,90028
303,ktUtN287fE34-4XZupuGSA,The Sycamore Kitchen,4.0,954,143 S La Brea Ave,90036
304,iSZpZgVnASwEmlq0DORY2A,Daikokuya Little Tokyo,4.0,9171,327 E 1st St,90012
305,CbW8U0QAwh5XRkaLt0xNZA,Masa of Echo Park,4.0,4534,1800 W Sunset Blvd,90026
306,OSYoTFAfq9_wFyDH_qUsTA,The Griddle Cafe,4.0,6434,7916 Sunset Blvd,90046
307,ubAiG5pgaQazJpoFHfViMg,Birds,4.0,1008,5925 Franklin Ave,90028
308,DNYoYoaDFxOMc_siRy3W0Q,Phenakite,4.5,20,1370 N St Andrews Pl,90028
309,jjy2b_GQQmnfFKqK3mnaQQ,Vespertine,4.5,306,3599 Hayden Ave,90232
310,XrPVlXXa4cHLm7qKWFkfCg,A Food Affair,4.5,1488,1513 S Robertson Blvd,90035
311,abI463RX-RfsRhIE7iGikg,Le Coupe,5.0,6,709 N Western Ave,90029
312,3vSIsnRUX2Td-8Zo3YGe3w,Lad Nah Silom,4.5,17,5321 Hollywood Blvd,90027
313,NxcF38OxJN9Iq6g6xoOAnQ,Here's Looking At You,4.0,540,3901 W 6th St,90020
314,ZRTzxkpr5hJGR023LtCZ3Q,Two Hommés,4.5,9,902 N La Brea Ave,90302
315,vBWYSv3Au1mylKUReJRp2Q,asterid,4.5,77,141 S Grand Ave,90012
316,LtQu-lT9Hpm_n_5LcXsdYA,Sulga House of Beef Bone Soup,5.0,306,4451 Beverly Blvd,90004
317,pAzK1QMM0SOnNZAvl1epzg,Levant Mediterranean Restaurant & Catering,5.0,1,5527 Hollywood Blvd,90028
318,Zg7jtPJGmsnysO8uDKtYxg,Gwen Butcher Shop,4.0,705,6600 Sunset Blvd,90028
319,r6-usl4pPnuj9mlP-nEr_g,Jinsol Gukbap La,4.5,256,4031 W 3rd St,90020
320,NlT-6hFP0_6hPo36AW2lIA,Poppy + Rose,4.0,2967,765 Wall St,90014
321,McoTPgG-j-K4Ad-K2myQqg,ATTITUDE CAFE,5.0,158,6009 W 3rd St,90036
322,XfUlxPDVEsKbXqf5kJp1nA,Uncool Bar,4.5,510,7881 Santa Monica Blvd,90046
323,0z23Jk7U_MpvtqKINPL2fA,Dirt Dog,4.5,2589,2528 S Figueroa St,90007
324,SjLsV7OlhmNzt4h68QW20g,EGG TUCK,4.5,488,7131 W Sunset Blvd,90046
325,YVbO3FENQQzcDwxtlrR1Iw,Mr Bossam K-Town,4.0,743,338 S Western Ave,90020
326,oZn4oaOKOI-HcUGecfG4Vw,The Penthouse at Mastro's,4.0,4932,246 N Canon Dr,90210
327,7BZjZLN-YDmFb4Y3N-3aJw,ShaBuShi,4.0,512,5185 Sunset Blvd,90027
328,kETtG3teylZTYOec5HsNDA,The WinDow Silver Lake,4.5,177,1529 Griffith Park Blvd,90026
329,MkEUb-Z6NZXhPc7M7cbwhA,April90’Something,5.0,24,2703 Sunset Blvd,90026
330,ZlQo_ArRw-nnHcrcnYPbiA,Yang Chow,4.0,2969,819 N Broadway,90012
331,6Dd4kTDiikEB3wQp___0fA,Taqueria Los Anaya,4.5,1398,4651 W Adams Blvd,90016
332,hnHwGO-uDz9TjQw2xGBZTw,Zinqué,4.0,315,939 S Broadway,90015
333,anXcMj3V0-b5sapTI2UAlg,Dà Lat Rose,5.0,10,466 N Bedford Dr,90210
334,HThfRNFgQSYEhI_QrMx9Rg,Alaska Seafood,4.5,176,4251 Beverly Blvd,90004
335,j7zBQ2dfP5QDVH8n33X9cg,Qin West Noodle,4.0,85,2520 S Figueroa St,90007
336,7s6lIJrg0EMfHYG6tYTMqg,El Cochinito Restaurant,4.0,880,3508 W Sunset Blvd,90026
337,qeVao2v6sl3ZWZvHv3Fujw,For The Win,4.0,147,6221 Franklin Ave,90028
338,ikZRDDD89m54GEOgGfuFzA,WILDBIRD,4.5,138,6374 W Sunset Blvd,90028
339,jNh8NbmyDg7WrvLe1r8UFg,N Soto,4.0,98,4566 W Washington Blvd,90016
340,tqjJYK3KyBjHRDsMT9kCpw,Oi Asian Fusion,4.5,584,4734 Hollywood Blvd,90027
341,83oQyBcqUqSS0H5tF_KlTg,Japan House Los Angeles,4.5,43,6801 Hollywood Blvd,90028
342,1k6hSTQO9E4iSzwyx8yTUw,Ta-eem Grill,4.5,1201,7422 Melrose Ave,90046
343,drRIEHxmi6KtgXT4pUsLzQ,Hodori Restaurant,3.5,1088,1001 S Vermont Ave,90006
344,g-cA096jYc7qeBcGuu0Mzw,Burger She Wrote,4.0,26,4655 Hollywood Blvd,90027
345,RQoD2ucHJJQpCevVNPlLxQ,The Rooftop by JG,4.0,628,9850 Wilshire Blvd,90210
346,PhODcqviyHMrDqbB5S8aCQ,Bacetti Trattoria,4.0,100,1509 Echo Park Ave,90026
347,95Lnd5KJcOJJVrLDLYrDjg,The Terrace,4.0,137,225 N Canon Dr,90210
348,ayObtPXjSe0gALk8HVAxKg,Bowery Bungalow,4.5,550,4156 Santa Monica Blvd,90029
349,eNPaF_hVdpxMkzyq9kenYQ,The Park's Finest,4.0,2219,1267 W Temple St,90026
350,HX2xHdVx6_KdFSzOcI2ARA,Made In Havana,4.5,100,8116 Beverly Blvd,90048
351,QuLLfTZlJ5wcCAkULVHU5Q,Kalbis Grill,4.5,127,3959 Wilshire Blvd,90010
352,ZKltkN5lOxH1tLeVAO2b6A,Destroyer,4.0,635,3578 Hayden Ave,90232
353,g1RqknBKd1r1ajHW8xhAkQ,Hollywood Burger,4.5,739,6250 Hollywood Blvd,90028
354,l6eEaR8LMTPjSG4aTpxUxg,Bodega Park,5.0,54,2852 W Sunset Blvd,90026
355,cxU5blDB5nnZIkn4amrf5A,Grá,4.5,176,1524 Pizarro St,90026
356,F2NuLndluYcqceW3Fzo0Yw,Emilia,4.5,176,8500 Burton Way,90048
357,5I3svFEICAOnGMFDEHFWww,Yojimbo,4.5,64,426 N Fairfax,90036
358,OnRGvLEpaZmGyXgtpN67-A,Karnevil,3.5,72,6627 Hollywood Blvd,90028
359,0moEuzPYsJ3Fb8g-CADZSQ,About Last Knife - Hollywood,3.5,17,1400 Cahuenga Blvd,90028
360,JBeSWzpDI8eh2xG4-ZVy4g,Yangji Gamjatang,4.0,840,3470 W 6th St,90020
361,x1Rn_VGbt1zzi_mxtB80wg,Pokémolé,4.0,379,530 S Occidental Blvd,90057
362,zRzAOEj6TZEdJMsZk9HDGg,Daedo Sikdang,4.0,251,4001 W 6th St,90020
363,0z01cdjtl54ksjzKUMgd_w,Shintaro Sushi,4.0,553,1900 N Highland Ave,90068
364,b-b2IN8fqz8Ys7Sc9-EAng,Northern Cafe,4.0,92,6282 Hollywood Blvd,90028
365,qrjj7XeIx2XoFOomNVuT5w,Catch LA,3.5,3507,8715 Melrose Ave,90069
366,7qZBxWisbeVI34gIeNpP1A,Palms Thai Restaurant,4.0,2944,5900 Hollywood Blvd,90028
367,KxSkOgk1-IHwK9XgM_N8Ew,Eight Korean BBQ,4.5,1736,863 S Western Ave,90005
368,a_uYoJZXXU6qchol8caoGA,SUPAMU,4.5,47,929 W Jefferson Blvd,90007
369,LHICgEaacuRSF4ixJLOAVA,Melroseplace LA,4.0,71,8472 Melrose Pl W,90069
370,oK3If9fgoMhmmHPpMwqolg,W Brazilian Steakhouse,5.0,94,147 N Western Ave,90004
371,pcUZ0uzsBUIHPoiEhwMBIA,San Laurel,4.5,55,100 S Grand Ave,90012
372,CXmJB5LZeda27UeBGzk75Q,Pho Saigon Pearl,4.0,968,519 S Fairfax Ave,90036
373,9RB_-5aXR9HMdrpcA6L5WQ,Chin's Hawaiian Teriyaki Bbq Chicken,4.0,83,1708 S Western Ave,90006
374,3dmkjDqnsp__V5kxsq6rOA,Post & Beam,4.0,1082,3767 Santa Rosalia Dr,90008
375,DYmSjWNUbU5tyo_gQ7PO5g,Mizlala West Adams,4.5,558,5400 W Adams Blvd,90016
376,bdm3708B0OJW9xDdaKVH_A,Gol Tong Chicken,5.0,1651,361 S Western Ave,90020
377,hOHWu75whwn2hSc2HvRc6w,Night + Market Song,4.0,1173,3322 W Sunset Blvd,90026
378,4zy0JiIP9d173nbynUu0OQ,Ssam Korean BBQ,4.5,1307,1040 S Western Ave,90006
379,BDRVlHnK4l0T0ANb7M-Eqg,Guisados,4.5,2324,1261 W Sunset Blvd,90026
380,Bq6I52mOTyC2iDHU2rh_5w,El Cartel,4.0,609,5515 Wilshire Blvd,90036
381,kjJT0aclLYI291W0V1DKVg,Pine & Crane DTLA,4.5,113,1120 S Grand Ave,90015
382,N05X5dnwzpWvLg7ZRcMtcA,Escala,4.0,1390,3451 W 6th St,90020
383,jJhbNZqBLbLK4IRVuoIgyg,Melody,4.0,265,751 N Virgil Ave,90029
384,Z7UJ94MRIWHpkPWaNfx2Jw,Shin Jung,4.0,4,301 S Western Ave,90020
385,6LbFJlg64bYEovI1ZEVCKA,KinKan,4.0,55,771 N Virgil Ave,90029
386,_OPkAM3mfW1ZTvyIaZLYxg,Piccalilli,4.5,244,3850 Main St,90232
387,B1mGBAiuDg7ZH71O0ba6ZQ,Alchemist Restaurant,4.0,28,6258 Wilshire Blvd,90048
388,sYn3SNQP-j2t2XSwjlCbRg,Monty's Good Burger,4.5,2362,516 S Western Ave,90020
389,1lxtw52CJ9ip6VqQCzt2Fw,Burrow Bar & Kitchen,4.5,332,821 S Flower St,90017
390,3_K8UCyMkLiDH4SwaLPylQ,Blasteran,4.5,451,272 South La Cienega Blvd,90211
391,9OqeSaKmGjo2xhvcSI-Xog,Badmaash - Fairfax,4.0,392,418 N Fairfax Ave,90036
392,rJDsg0rZfuT0tsXbDaxRgA,Son of a Gun,4.0,1795,8370 W 3rd St,90048
393,FYwJ-m2ekUM_-bi4c0BloQ,Theía,4.0,441,8048 W 3rd St,90048
394,TsVu9GJQwuFBZVP_sg2k7A,Quarters Korean BBQ,4.0,3328,3465 W 6th St,90020
395,ccF1-Sv7hg2JDDvLsiJ2OA,Yard House,3.5,38,800 W Olympic Blvd,90036
396,0_-4iI3bouR0DWhtCyIbcQ,The Henry,4.0,950,120 N Robertson Blvd,90048
397,2fAd-vLXu-8nKwyh423IuQ,Rollypop,4.5,186,3446 Wilshire Blvd,90010
398,9kc3zPyOPO1YlzId8OAS3A,MAC'D,3.5,50,1570 S Western Ave,90006
399,WBP9xApA-nER3t5fKmm-NQ,Nossa Caipirinha Bar,4.0,18,1966 Hillhurst Ave,90027
400,q97MIGXESdhak-LhGKDl0Q,Sqirl,4.0,2212,720 N Virgil Ave,90029
401,pAWfcO6e2ae2pIkJXWO-yA,Roscoe's House of Chicken & Waffles - Hollywood,4.0,4308,1514 N Gower St,90028
402,9yFUn-ZQcO1nPhMS_B-BOQ,Yongchugol Sundae,5.0,3,125 N Western Ave,90004
403,qmyTGgpnQNq-bUV1WzUGvQ,The Magic Castle,4.0,2534,7001 Franklin Ave,90028
404,CFYfXWh4v5X4B1TEBgdImA,Fry or Die LA,4.5,3,1066 S Fairfax Ave,90019
405,mobZnlSX7HfToSyfe4TV8Q,Gengis Khan,4.0,58,615 N Western Ave,90004
406,39XhySXtu-4Oe4XjBGy4vA,Warrior Event Space,4.5,237,8909 Sunset Blvd,90069
407,WysyMzFaEHWiOMRYj1paZg,General Admission,4.0,183,3311 Cahuenga Blvd,90068
408,0JyCFdMTvuj54i-RUuV5XA,Matsumoto,4.5,157,8385 Beverly Blvd,90048
409,Mr6w22suHjvQXX0-GLe6EA,Los Angeles Cheesesteaks,5.0,5,5515 Smiley Dr,90016
410,CIpULySm-fnyv-EKORzQug,Pisces Poke & Ramen,5.0,118,7100 Santa Monica Blvd,90046
411,T_lvBpk8Y7oOpc3WzWgkMQ,The Venue,4.0,320,3470 Wilshire Blvd,90010
412,EzstcuNUD06nlmIx7wAWlg,New China Mongolian Bbq,4.5,101,4134 Crenshaw Blvd,90008
413,4q7J4ofefwCxuV25znK2NA,H&H Brazilian Steakhouse Beverly Hills,4.5,52,8500 Beverly Blvd,90048
414,clJmJd_tbaK34j1CN-9MYQ,Korea Town Pizza Company,4.0,473,3900 Wilshire Blvd,90010
415,Mbads1i1CxrXH8UjoZ4WyQ,White Elephant,4.5,23,541 S Spring St,90013
416,5SVj7kpiXxCEnkzL_8wA1g,Redbird,4.0,1713,114 E 2nd St,90012
417,_Lk0dfzdBAP2rE7SpvC9nQ,The Backyard,3.5,25,2301 Highland Ave,90068
418,EzTDoLwiqy-cMZbIujA8FQ,Little Dom's,3.5,1700,2128 Hillhurst Ave,90027
419,K8JWSdSz_IYyjGvv0RSBiA,Citizen Public Market,4.0,79,9355 Culver Blvd,90232
420,kr9RZATtNwJznY9TaMexUA,Te'Kila,4.0,1143,6541 Hollywood Blvd,90028
421,vW1v050Lf2M2719K1D10PQ,Sweet Chick,4.0,1270,448 N Fairfax Ave,90036
422,4AeAYRRnq2eWFdrtDMbgdg,Yellow House Cafe,4.0,1406,234 S Oxford Ave,90004
423,P2-J1zY5rKOUsOQ8KryuZQ,Wolvesmouth at the Wolvesden,5.0,166,,90027
424,zHJgydeeE0ciaMeGwu-HmA,Matu,4.5,189,239 S Beverly Dr,90212
425,D6_mb0MZdAVvfmwYOFHK-A,Ysabel,3.5,1383,945 N Fairfax Ave,90046
426,K1Q7DsCpFfPsJRRr4aOFoQ,LA Yimone,4.5,33,304 N Western Ave,90004
427,W-znmhcbAFwoDtqLCmc9JA,Le Grand,4.5,802,707 S Grand Ave,90017
428,bSfdLm1ke0oFCUK7hiAQ_g,Frankie's,4.0,476,7228 Melrose Ave,90046
429,9qDA6kGLxuZ0bOSYWet4uA,Botanica Restaurant & Market,4.0,331,1620 Silver Lake Blvd,90026
430,QGWk082jQPTOnMJHF9IPYg,Father’s Office,4.0,113,905 E 2nd St,90012
431,xz66LQF-f06EtZ89Av6f3A,JJAN,4.5,192,3328 W 8th St,90005
432,eSHhwSinX6d8IVAU3b7ugQ,Jin Ju,5.0,17,203 N Western Ave,90004
433,0stUvaDK5l0bW7tGb7_hgQ,Fei Xiang Gong,4.5,60,356 S Western Ave,90020
434,nL0w7BufJ9XypqW6hDFfgg,Gogo’s Tacos,4.5,91,3660 Beverly Blvd,90004
435,shSWfUgyJI3YG73tJfND2Q,Dumpling Monster,3.5,200,7318 Santa Monica Blvd,90046
436,8SO_kWUmfX-rFZPEA6t09Q,MainRō,3.0,136,6350 Hollywood Blvd,90028
437,jpMKMKAo5SwqSV1N1wh9Ww,Spaccio Salumeria by Truffle Brothers,5.0,116,4073 W Washington Blvd,90018
438,nlXMXx2MEiNKRrQBWWewHQ,KAMINARI GYOZA,5.0,41,323 E 1st St,90012
439,9Ox5M2EbVDFhYdsjKzyJoA,Kinn,4.5,70,3905 W 6th St,90020
440,egU533_tWCiKYA_2vVGFsw,Village Pizzeria,4.0,1598,131 N Larchmont Blvd,90004
441,x9uC3-5WythdfzoIOCK6iQ,MESSHALL,4.0,1408,4500 Los Feliz Blvd,90027
442,EcR74rkTNDexQfPbf6Dj3g,Three Broomsticks at Universal Studios Hollywood,4.0,914,100 Universal City Plz,91608
443,FPBsEp6Ecp_JE7KD5NsDeA,Cafe Los Feliz,4.0,1281,2118 Hillhurst Ave,90027
444,exgjuSryswaYeIPdr9L3wg,Sushi Tama,4.5,146,116 North Robertson Blvd,90048
445,WnEQZDZ86ozJjnAkw8tYRQ,Chinchikurin - Little Tokyo,4.0,817,350 E 1st St,90012
446,cSSyQ9xttMy6Gn8TFyNH7w,Spare Tire Kitchen & Tavern,4.0,1229,5370 Wilshire Blvd,90036
447,13sG6jJQ34Js0ftCscgZBg,Jarman’s Restaurant,5.0,2,1717 Vine St,90028
448,3wg-edpLue-hv4oaCIIgGw,YAZAWA,4.5,310,9669 S Santa Monica Blvd,90210
449,U87EaXDc2rl1Ix5K8ijWug,Jeonju Hyundaiok,4.5,83,201 N Western Ave,90004
450,-RB75P7rg6Jyp8ZMegSmCA,Little China,4.0,33,3636 W Olympic Blvd,90019
451,kaBIHYqe06aC5lXHMOVc7A,Nick + Stef's Steakhouse,4.0,799,330 S Hope St,90071
452,GMyarj6vbMqr-sS2UG4KVw,Wake & Late,4.5,1025,105 East 6th St,90014
453,AEv5LTvg1FbGTsnPv486_Q,Spago Beverly Hills,4.0,2320,176 N Canon Dr,90210
454,NmyEFw_9tKeHarAiUvtF3w,Prince Street Pizza,4.0,716,9161 Sunset Blvd,90069
455,zLEV5J2HmKHocbPZONGJAA,Spartina,4.0,585,7505 Melrose Ave,90046
456,E_wQzkgfAksah2tIBHJDUg,Burrata House,4.5,83,161 S Crescent Heights Blvd,90048
457,Bzux14VeAPzlNTjc9dS7NQ,L & E Oyster Bar,4.0,686,1637 Silver Lake Blvd,90026
458,WJmzdY8wZh8bBx5vbE14oQ,The Kitchen,4.0,1510,4348 Fountain Ave,90029
459,1UNuTvsoTsDrAWeltUQCYA,Mo’s House Of Axe,4.5,319,611 S Western Ave,90005
460,vrkCynrw-n7yY1m_bH34tg,Jurassic Magic Coffee,5.0,26,1865 S Mansfield Blvd,90019
461,WjuO8PhtqINeWqm-ei8NQA,Dumpling House,4.0,641,3525 W 3rd St,90020
462,IzRINfSLBr6k_dq1e2WNew,Guelaguetza Restaurante,4.0,2613,3014 W Olympic Blvd,90006
463,gh4B1viUS0cIbMGmbbaJtA,De La Nonna,4.5,175,710 E 4th Pl,90013
464,oZG16DktFsm-Sl-KDSny_g,Katsu Sando,4.5,287,736 N Broadway,90012
465,mu-sqebqz9DEQRTNP3vKLg,Tang Huo Kung Fu Spicy Hot Pot,4.5,124,3450 W 6th St,90020
466,kXrHt3XkNd_q5rISuvuvVg,Berlins,4.5,1104,8474 W 3rd St,90048
467,mcHP3IfI1b7bXJZKD6PLHA,Angry Chickz,4.5,1094,5065 Hollywood Blvd,90027
468,Ti2Ksp2oPj6rpdp2tQcaVA,Sonoratown,4.5,1640,208 E 8th St,90014
469,CxtA0pFtSBG0ckxaiLMOqw,Bé  Ù,4.5,178,557 N Hoover St,90004
470,dVTnAAgESF5l5g1RLswYGw,Millet Crepe - Little Tokyo,4.5,4,330 E 2nd St,90012
471,ceaBh1WaZ0-0CXQkZUQJng,My Lai,4.5,17,3621 S Western Ave,90018
472,9g3WVqNG0-Y34To6J_9c9Q,La Pergoletta on Sunset,4.5,202,2827 W Sunset Blvd,90026
473,uAko6TzMP9GXC9Xa1PPuGA,MUN Korean Steakhouse,4.5,312,3519 W 6th St,90020
474,5_6Gn67IRK2AcHfwWjIARQ,Cosa Buona,4.0,386,2100 Sunset Blvd,90026
475,eu5Xg5liaCSGPvXDhqmLaA,Wat Dong Moon Lek Noodle,4.0,1088,4356 Fountain Ave,90029
476,kDVlUSFSUR8ZYIOJi4bDQQ,Odumak,4.0,114,338 S Western Ave,90020
477,qJ6dSJVNUFmTAUc2NREQDQ,Agua Viva,4.0,54,100 South Grand Ave,90012
478,dG9wkBoa23ZMWVJAu2kxdQ,Oyabun,4.0,310,3060 W Olympic Blvd,90006
479,_o6cTaR_pnm2XucZS6fTug,Guisados,4.5,962,8935 Santa Monica Blvd,90069
480,k7LtnuppnMlbIQDqNKO3MQ,BOA Steakhouse Los Angeles,3.5,14,615 N Western Ave,90004
481,NrzSO_pQ88A3jSMqh_QuNg,Magal BBQ,4.5,1751,3460 W 8th St,90005
482,NSo-x-9ieVLtqakrkSGIHg,Chicas Tacos,4.0,644,800 South La Brea Ave,90036
483,EeLHZHD4E5qVj48xeFzCvg,Imperial Chopsticks,4.0,86,1549 N Vermont Ave,90027
484,Fcxm2Wnz8lLDi6doGcAMTw,Taix French Restaurant,4.0,883,1911 W Sunset Blvd,90026
485,0jMeb7Pp8Tqj9YAu0Yi8hA,The Jerk Spot Jamaican Restaurant,4.0,525,9006 Venice Blvd,90232
486,Qo4F-RObp5GXE_-vZXzD5g,Olympic Noodle,4.0,398,4008 W Olympic Blvd,90019
487,9EaRONZCZxomy3TTkLM8DA,Oriel Chinatown,4.5,163,1135 N Alameda St,90012
488,0g5pHUv8YMbdZwLvYN2ZJA,Le Pain Quotidien,4.0,400,113 N Larchmont Blvd,90004
489,xJT5BdpKUyfenwWqtnoAww,Biergarten,4.0,860,206 N Western Ave,90004
490,Baqs3SIHR60lXxXAFkjTDg,Bludso's Bar & Que,4.0,2671,609 N La Brea Ave,90036
491,rdde9-P_Sg8_Q8nAj2xWkQ,Tony Khachapuri,4.5,79,6909 Melrose,90038
492,1u9ZlJF5txRS1KSQ6r8-RA,Izakaya Mi Young,4.0,94,3680 Wilshire Blvd,90010
493,BAnC30_CaFiBOd6Fv9KgBg,Animal,4.0,3391,435 N Fairfax Ave,90036
494,MLfK8j3rBYwY96pwFkQZvA,Honey & Bacon Coffee House,5.0,93,5016 Melrose Ave,90038
495,m_xAjTKjvcyqd-jBs8A2VA,Sushi Fumi,4.5,443,359 N La Cienega Blvd,90048
496,RrqZgfxIKRi6_s6lXaYVzQ,Carney's Sunset Strip,4.0,865,8351 W Sunset Blvd,90069
497,yr3kQJjhkNz37ZJXNHf4fA,Room Number 13,3.5,15,6633 Hollywood Blvd,90028
498,Mkig5cp3dXtM0ehM4F7z2Q,Levant Bistro + Bake Shop,5.0,32,2112 W Sunset Blvd,90026
499,xVSv26KBQexP4M0l63SGlg,Alcove Café & Bakery,4.0,4593,1929 Hillhurst Ave,90027
500,1eyWLVHeDL2NWGeo9MElZg,Tennessee Hot Chicken THC,5.0,432,7059 Sunset Blvd,90028
501,z43jhdjS4KrnUqWf7Eleww,Seabutter,4.5,531,9105 W Olympic Blvd,90212
502,4bgIaypX-9Xl8CitCgpw2w,B'ivrit,4.5,19,,90029
503,frRPjJ03Ie5h9EPhFhjNIw,Bulgogi Hut,4.5,3372,3600 Wilshire Blvd,90010
504,Shctjzk4MbtCi9XAwLRsVA,Curry in hurry,5.0,62,4934 W Pico Blvd,90019
505,AGyxcozRYuFPpRD-nBRu0Q,Pasta Sisters - Culver City,4.0,1854,3280 Helms Ave,90232
506,l5xPawJ1xui80qLKzGE5RA,Louise's Trattoria - Larchmont,3.5,345,232 N Larchmont Blvd,90004
507,Zub7WJxbguc1I5YRWKKDfQ,Same Same,4.0,326,2835 W Sunset Blvd,90026
508,6bqxHEgw3YFzfKqxYw6yaQ,Kitchen Sooda,4.0,207,618 S Serrano Ave,90005
509,Kdfu2ZNUp7jKta9j2cZ2NA,Hayato,4.5,109,1320 E 7th St,90021
510,8MaRuBRfR80wN3civ6PpWQ,All Time,4.0,412,2040 Hillhurst Ave,90027
511,1e_j1BtMaTinWLC52RJI9w,Marmalade Cafe,4.0,2523,6333 West 3rd St,90036
512,B_-catZHqltZBIHPZjSwVQ,The District by GS,4.0,488,3888 Crenshaw Blvd,90008
513,AX-hRDB8zpIHKMix9VqB8g,H Cafe,4.5,960,3200 W 8th St,90005
514,6HxIW8_iW7wUKNVHoUvO6A,Nkwagala Cafe,5.0,1,2619 Wilshire Blvd,90057
515,ki5SNb4Lli6uOklz6BXXGw,Blu Jam Café,4.0,5832,7371 Melrose Ave,90046
516,ta7GyGyMGnn_LeJkUeLqdQ,Woodspoon,4.0,1476,107 W 9th St,90015
517,xU6pcazbyB1lxA631YJEkg,Joy,4.5,1324,5100 York Blvd,90042
518,7pKS39Tdt0c1hAhdxOWZqA,House of Curry,4.0,244,1888 S Western Ave,90006
519,aVOeM9zGvIcyKuJWEMxc5w,Dave's Hot Chicken,4.0,580,3462 Wilshire Blvd,90010
520,GWkTJVxzieQM2KfaAk9sBQ,Golden Lake Eatery Cambodian Restaurant,4.0,285,424 W College St,90012
521,rfVUBEy2i9aHsKjsJbqZwA,Haidilao Hot Pot Century City ,4.5,442,10250 Santa Monica Blvd,90067
522,kO-2RXxr3PJ4Fkh_2FfrMA,Harlowe,4.0,489,7321 Santa Monica Blvd,90046
523,5imw7dSuSB4HmUMrZep1lg,Qin West Noodle,4.0,224,727 N Broadway,90012
524,mqqEbmEQzQkXJAk7LkJR-g,GamBoJok,4.5,94,301 S Western Ave,90020
525,iw9aZwRbfJ0cnCgTEXTRew,IO Rooftop,3.0,21,1400 N Cahuenga Blvd,90028
526,6uCcRqFET5kCO41lg-jDgg,The Honor Bar,4.5,1767,122 S Beverly Dr,90212
527,rQEMhSKknt-sDHjqwSC3Xg,Lowkey Burritos,4.5,101,5940 W Sunset Blvd,90028
528,U-jWH-Cld5YxdJQv7MvKAQ,Urban Plates,4.0,873,12746-3 W Jefferson Blvd,90094
529,mLbTDZsYKkV5Ynnz-X87iQ,Square One Dining,4.0,1700,4854 Fountain Ave,90029
530,JlOmW-RsfxzUGD5RAiGepw,Nakara Asian Street Food,5.0,13,363 S Broadway,90013
531,P-pAAi56zMPPHfO7xf_wQQ,Nong La Cafe,4.0,703,145 N La Brea Ave,90036
532,DLFXv3FwVjO3CEqwSpgdSw,Alma Cocina de Mexico,3.5,148,189 The Grove Dr,90036
533,ctB_3PPniGMzs49wEqDF7g,Ten-Raku,4.0,656,4177 W 3rd St,90020
534,FIhj_380IbJsHolPuNzk2A,Paros Chicken,4.5,177,1117 N Hobart Blvd,90029
535,a06PI6D0bF9agRDaOzafpw,Kazan,4.0,267,111 N La Cienega Blvd,90211
536,NrQAjvoj57Qcn2i90otmaw,Café Fig,4.0,135,939 S Figueroa St,90015
537,lfYZj35tFbnHwgLFyPTKqQ,La Cocinita,4.5,49,4379 W Pico Blvd,90019
538,hFn27QdC78liB2Jak_qWDg,Inka Wasi,4.5,8,605 W 7th St,90017
539,wjU7E9cMWgxZO9HNTn_tig,Everytable,4.5,324,1101 W 23rd St,90007
540,26fIBSlQkaTa29uoKAvZOw,Burgers Never Say Die,4.0,1007,2388 Glendale Blvd,90039
541,jcUgGKhk1NbzNBED6e_tPg,Azay,4.5,195,226 E 1st St,90012
542,sd2v9zk2JKbdLp166AC2nw,Cobras & Matadors,3.5,551,7615 Beverly Blvd,90036
543,jaNacyO8EzjJwE4uI8JWKw,Poké Bar,4.5,463,8539 W Sunset Blvd,90069
544,KLUryRjCkaiYgGD1BxAPtA,Clark Street Diner,4.0,86,6145 Franklin Ave,90028
545,vfHJzF0ShYtwmotXE-0PiA,Figueroa Philly Cheese Steak,4.0,1198,358 W 38th St,90037
546,fETqhZO6YjM1VTWCJpT8VA,Lowboy,4.0,260,1540 Sunset Blvd,90026
547,8RPEQTaPqvOpmKzSYJZQgQ,Intercrew,4.0,197,3330 Wilshire Blvd,90010
548,I69-pzeFEilBey4LND3KbA,Onizuka ,4.0,100,514 N La Cienega Blvd,90048
549,6KWWh5MEe0WePoUOd2sxxQ,Sushi Ippo,4.0,1675,3800 Wilshire Blvd,90010
550,K3msdd0tuGwuE2fm_W94MQ,Best Fish Taco In Ensenada,4.0,2282,1650 Hillhurst Ave,90027
551,-Z-Je-27YcpaLZTi76wYtg,Jin Chinese Kitchen,4.0,28,1930 W Olympic Blvd,90006
552,lFr9Yxt9cqQCEOp3HAPk9g,Kensho Hollywood,4.0,72,1999 N Sycamore Ave,90038
553,x54GDbBf-82ekbqrBiWKwg,Nobu Los Angeles,4.0,1436,903 N La Cienega Blvd,90069
554,sfGM1J-gEWaS1QUTJ_4BzQ,Bolt,4.5,492,5648 Hollywood Blvd,90028
555,451LU9SaBEoxtLJ8NZdXIA,OOTORO Little Tokyo,4.5,149,232 E 2nd St,90012
556,sQJ788QT7wN5-d4MeuRVQA,Founders Ale House,4.5,300,8771 W Pico Blvd,90035
557,alBO2iwK6ilrykLvtSlNtg,Sichuan Impression,4.0,678,11057 Santa Monica Blvd,90025
558,HBjWB06zDqg17sqLmErGsg,SharksTeeth,4.5,50,,90029
559,edafZfgTxcy8YSju4484hw,La Cabanita Restaurant & Pupuseria,4.5,16,3564 S Normandie Ave,90007
560,xb9-MjRrzDfZRTC2rNvMsw,CAVA,4.0,347,9343 Culver Blvd,90232
561,4hHIJ0L7Txn6sqs9Ex2-JA,Conservatory,4.0,456,8289 Santa Monica Blvd,90046
562,FwbZVfx2EBQ7aS090V6dzA,Fabiolus Cucina,4.0,970,6270 W Sunset Blvd,90028
563,Gcu1t8hJv9D_CKDhO4-rSw,Open Face Food Shop,5.0,114,5577 W Adams Blvd,90016
564,HTFByVH44biQsc_R8sEOjg,BCD Tofu House,4.0,4698,3575 Wilshire Blvd,90010
565,XpXcEP7JRIQZpDDnsXy2gA,Tartine Sycamore,4.0,156,911 N Sycamore,90038
566,wtp1izuuno7wsPBhPRcGqw,Library Bar,4.0,1817,630 W 6th St,90017
567,QKnDvexwbYgc7c-30-TUgw,The Bop,5.0,50,8234 W 3rd St,90048
568,b4SH4SbQUJfXxh6hNkF0wg,Eggslut,4.0,6222,317 S Broadway,90013
569,98KeJCu_8XbfOXB1aRAW1A,Salazar,3.5,1141,2490 Fletcher Dr,90039
570,Y6fIDAmbM7cvnZsbOWFb-w,Tokyo Hamburg,4.0,606,600 S New Hampshire Ave,90005
571,p1O9sw9QdnKn1cV2FEmmhw,Feng Mao Lamb Kebab - Olympic,4.5,612,3901 W Olympic Blvd,90019
572,jS8MhTJpHmGYuxcKonGG-A,Kismet,3.5,548,4648 Hollywood Blvd,90027
573,kW73uvEb7QCu9j9vHz3zwg,Sagrado Mezcaleria + Kitchen,4.5,71,3216 Glendale Blvd,90039
574,mrEgKltVkacoD6ZNWzQjyg,Bang Bang Noodles,4.0,246,1801 E 7th St,90021
575,Gler-blXeDRz6YnNnrEd5g,Lasita,4.5,87,727 N Broadway,90012
576,StdfmfbeUmgdZd0r-m_aUQ,Caboco,4.5,121,1850 Industrial St,90021
577,h3KzTYozazMtdhS8C1qBXg,The Semi-Tropic,4.5,475,1412 Glendale Blvd,90026
578,09yem3Q4MAu8GbqMYACw_A,Dunsmoor,4.5,76,3501 Eagle Rock Blvd,90065
579,Mywk3nUsqPvmzJiEOw4XYw,Pearl River Deli,4.5,226,935 Mei Ling Way,90012
580,l4ydq6oYIaCWy5fLZl1OjQ,All You Can Eat Sushi & BBQ,4.0,311,3914 Wilshire Blvd,90010
581,aR-WRPNJVySZML-4sBn89Q,Caldo Verde,4.0,58,1100 S Broadway,90015
582,eM9i1sVyWX44A7Vns8362w,Kochi,4.5,302,408 N La Cienega Blvd,90048
583,SDoOIzuz4k3m-SP071aykA,Chunju Han-il Kwan,4.0,826,3450 W 6th St,90020
584,N3Fmp5OcPObH4d-SEdwLOw,Phakhaothip,4.5,3,1712 Sunset Blvd,90026
585,pDqUvoNY1kR963MJnfnL6Q,Water Grill - Los Angeles,4.0,2460,544 S Grand Ave,90071
586,xmmtvpuxZDWe-9tB2e7NBQ,Madre,3.5,246,801 N Fairfax Ave,90046
587,bi0QB8hSLqOC9E61_aYGJQ,Toe Bang Cafe,4.0,988,3465 W 6th St,90020
588,SqWYLEwZxJY7Et8w24lzjw,Crispy School,5.0,453,526 S Occidental Blvd,90057
589,uteG6HIb4an-y5fFCXWo7w,Anarkali Indian Restaurant,4.5,3798,7013 Melrose Ave,90038
590,H9ZlIqEp930ZRniH6VRp8w,Papa Cristo's,4.5,2126,2771 W Pico Blvd,90006
591,jWzVgAjWCZIfTlsLWgC4pw,Yaki Q LA,4.5,12,1800 Argyle Ave,90028
592,JxoefRA7EHdhB8HkCVrlMA,Abuelita's Birria & Mexican Food,3.5,16,615 N. Western Ave.,90004
593,d09ros9QhLRs9EgWbkkvvg,Caveman Kitchen,4.0,575,2215 S Vermont Ave,90007
594,5G_TIDaMDzYuEfZC4rNdqQ,Minion Cafe,3.5,26,49 Minion Way,91602
595,Ls0cIqY-v6CqNoE2rHjBNg,Noshi Sushi,4.0,1670,4430 Beverly Blvd,90004
596,beA_DlDpij8O9xK2B-NjEA,Mex Peru Gipsy,5.0,1414,414 E 12th St,90015
597,w0cm7DFmBDQ_x2r83cvL6g,Apollonia's Pizzeria,4.0,700,5176 Wilshire Blvd,90036
598,eN9OB5t-bz1-XIVWV9Z5XQ,Mama Shelter,3.0,384,6500 Selma Ave,90028
599,B7hN8d0qkE9mPw9LVcomuQ,Sticky Rice,4.0,1058,317 S Broadway,90013
600,6FC3TYQqSJMQ2smh2BJhAg,La ong,4.5,62,9632 S Santa Monica Blvd,90210
601,SeXI1XFnutCgITvakkoOPw,Donghae Makguksu,4.0,29,210 N Western Ave,90004
602,clXt3YuTQvj_QlAU0FINog,Nagahasu By Sushi Yu/Mi,5.0,23,8103 1/2 Beverly Blvd,90048
603,s9_gk-ABcZ8uOEQjD1bK7g,Banh Oui,4.5,304,1552 N Cahuenga Blvd,90028
604,OHtTq36D830iydOy8m3J0A,The Hideaway,4.0,62,421 N Rodeo Dr,90210
605,XRbyfQZ7nWwJCOjRC8EW-g,Ô Banh Mi,4.0,129,1997 Hyperion Ave,90027
606,HBn4DUgu-364YhQOc3CCDw,Nat's Thai Food,4.0,127,1123 Vine St,90038
607,4_m1nEcmKomgzQj0wleURw,Soom Soom Fresh Mediterranean - Los Angeles,4.0,520,8744 W 3rd St,90048
608,0KrITDshZGMnv1m7nunoZQ,Goat Restaurant,5.0,101,4100 W Pico Blvd,90019
609,6Qkw3cCuM4AR-t8_NRPh3A,Kuishimbo,4.0,150,4001 Wilshire Blvd,90010
610,xVgz_F3gnbhyn_2goJ8vYQ,Pinches Tacos,4.0,929,8200 W Sunset Blvd,90046
611,C5s9a_prs6TbH510Bt_sqQ,眞 Jin Cook - Authentic Korean Soul Food,4.5,413,310 N Brand Blvd,91203
612,wB9bJyxmmGRzNC-7LL9GmQ,Founder's Room,4.5,3,135 N Grand Ave,90012
613,3xFHEzWiKOKNKJvFaCfukA,Madeo Ristorante,4.0,811,"1 Hotel West Hollywood, 8490 Sunset Blvd",90069
614,C_8Y_wwGFummtQ3OQLRjcg,LAces,5.0,74,125 N Western Ave,90004
615,YYKK5pDAWQimcHzOz-7nug,Rossoblu,4.0,752,1124 San Julian St,90015
616,ITNAxP_RUZ_FCPFNt7pjmw,Earle's On Crenshaw,4.5,581,3864 Crenshaw Blvd,90008
617,vUe6SGmCpWRbVdmj1ujMMQ,California Rock'n Sushi - Los Angeles,4.5,199,621 S Western Ave,90005
618,H_yVj1dSjqYacohidTiaIw,The Dresden,4.0,881,1760 N Vermont Ave,90027
619,3T3hzREOY8W6Vz04MfU_gw,Nua,4.5,89,403 N Crescent Dr,90210
620,xNB1cPWE511X4_o8czmmUg,JINYA Ramen Bar,3.5,264,6801 Hollywood Blvd,90028
621,AxPJlSxkCJVJk3sSTL_8OA,Philippe the Original,4.0,6746,1001 N Alameda St,90012
622,XBkRSNtBggWGMIfqmIlF2Q,Savoca,3.5,44,900 W Olympic Blvd,90015
623,3uFK2GoO4WyzZQV7C9fY9w,KozyKo,5.0,80,3087 W Pico Blvd,90006
624,MngSqXZbc4-x8lZTby1SrA,Himalayan House,4.0,344,1277 W Jefferson Blvd,90007
625,8polKN4I6fJx1t8pPxogVw,Bacari W Adams,4.0,1654,2308 S Union Ave,90007
626,34EtzYXSKlbAWY8aLZD2kg,Boolieya,4.5,67,3959 Wilshire Blvd,90010
627,HW91V0vFjRGE152HgkJsnA,Jewel,4.5,323,654 N Hoover St,90004
628,h34JzcPwJy9tAWPkCPEMFA,Nonna's Empanadas,4.0,1015,8556 W 3rd St,90048
629,yYW361SgSPcTT8hjbgRjIg,Todo Bien Taqueria,4.5,182,7065 W Sunset Blvd,90028
630,lWsfc4SdYfpB5IuIb9FHDw,Grater Grilled Cheese,4.5,46,5553 W Sunset Blvd,90028
631,ENahrZZzeTek-EgPSXGd0A,KITCHEN 1437,4.5,9,1437 S Robertson Blvd,90035
632,GT9hiv72iGarl6vx9WM7DQ,Lady Byrd Cafe,4.0,967,2100 Echo Park Ave,90026
633,R02yvpCAL64FgxLmoswAew,Ma Dang Gook Soo,4.0,702,869 S Western Ave,90005
634,TmuztHuzFydP4L6BxBkNXA,Qi Steam Kitchen,4.0,154,5966 W Olympic Blvd,90036
635,KQBGm5G8IDkE8LeNY45mbA,Wurstküche,4.0,8821,800 E 3rd St,90013
636,YCEgBqClpWXQ3leoAhWjoA,Sushi Hon,4.5,317,3929 W Olympic Blvd,90019
637,oxSSDJzC8tw9n6u42g-BFg,Short Stories Restaurant,4.5,86,115 S Fairfax Ave,90036
638,J_EbbYl1MfLim9gTxWKxAA,The Breakfast Club,3.5,307,1600 Vine St,90028
639,XQjnIHXi3jFRRNfcP_9c5Q,Tagine Beverly Hills,4.0,958,132 N Robertson Blvd,90211
640,FAW0X9xZIGsxiIX1JfArgQ,The Cat & Fiddle Restaurant & Pub,4.5,306,742 N Highland Ave,90038
641,OiPGniE0EAXcOxJ_v6dxrA,Vietnamese Delight,4.0,54,358 W 38th St,90037
642,hLf-BHaQV5BN0qoXkmbtqA,Konbi,3.0,30,10000 Washington Blvd,90232
643,730kuR4OZsSwWDas7QCwGg,Marugame Udon,4.0,208,700 S Flower St,90017
644,Q6Gkv6-kmyMMVmMojCuaDw,Yunomi Handroll,4.5,251,806 E 3rd St,90013
645,5oBl4waF3RT2b218OFTL4A,Harold & Belle's,3.5,1121,2920 W Jefferson Blvd,90018
646,4MFZnqY59zuafZTP1UQQWA,Ggiata Delicatessen,4.0,239,5009 Melrose Ave,90038
647,UUL3cdDeCA0gZIa8lBO1zg,LA Cha Cha Chá,4.0,443,812 E 3rd St,90013
648,9T2siQj4ET92dQ_XGae71g,Town Hof and Thanks Chicken,4.5,71,1144 S Western Ave,90006
649,EKrVpJqTXBjbbJPgHusibQ,Stevie's Creole Cafe,4.0,848,5545 W Pico Blvd,90019
650,4rSvfb7rxoCwkk9YKcc3vw,Airlight at Conrad Los Angeles,5.0,1,100 S Grand Ave,90012
651,nt5xe27sVh-960dPgnqN0A,Mountain Noodles,4.5,41,3377 Wilshire Blvd,90010
652,LiOTgwAIorn3tDQz-ZJhaA,Dan Sung Sa,4.0,1044,3317 W 6th St,90020
653,vNRmpcJzqBMK_piXswZZzg,Quarter Sheets Pizza Club,5.0,69,1305 Portia St,90026
654,tqolEK-wfz-B8GdYCTrB-g,Pizzeria Bianco DTLA,4.5,64,1320 E 7th St,90021
655,CTFZnhYe6t2tLv_NLHiE-w,Open Sesame,4.0,847,7458 Beverly Blvd,90036
656,CQuhF2uwJ0OZpXXoNoxcpQ,Tacos Guelaguetza,5.0,67,5848 Melrose Ave,90038
657,TOtRBm4rnHtHo2S7-6LW5w,Carnes Asadas Pancho Lopez,5.0,328,3328 Pasadena Ave,90031
658,ObzVtIRkNeoF2yBqGBWywg,Pinky’s,4.0,41,1816-B North Vermont Ave,90027
659,gKp39Lke5LPAerJ9QV-HQg,Inti Peruvian Restaurant,4.5,370,5870 Melrose Ave,90038
660,qOsGNcHWor5dn4GCKaFDPg,kodō,4.0,95,710 S Santa Fe Ave,90021
661,QFGNVvRv5FGCnv005IfgZQ,Catch Steak LA,3.0,109,650 N La Cienega Blvd,90069
662,93Svns_JtCP3__wxlcSsbg,Prank,4.0,947,1100 S Hope St,90015
663,8aKBU4Ylr31ZhSI_-rc5dg,Main Chick,5.0,6,3416 W Washington Blvd,90018
664,WXikaEhId91eh1EAo45Ddg,TehranRo Grill,5.0,128,414 S Western Ave,90020
665,cywwDn2SYCoef0PUYOXygw,La Pupusa Urban Eatery,4.5,359,1051 W Washington Blvd,90015
666,gY3McKZ54b8w_3yVU2qQPg,HiFi Kitchen,4.5,82,1667 Beverly Blvd,90026
667,-Z-9YfCsSJCyfz0mtHG14w,Olivetta,3.5,361,9010 Melrose Ave,90069
668,ly7L13OVHcSOm1JSuFwKwg,Electric Owl,4.0,501,1451 N Gardner St,90046
669,ceCiXn-eAFNVYMXep2X3VQ,Wasabi At Citywalk,4.0,1093,1000 Universal Center Drive,91608
670,CP0ICg1dZqEOt3UtNapjKg,Au Lac,4.0,1093,710 W 1st St,90012
671,Ke3WFbRKFHOW7Ity6vO0jQ,Sonoritas Prime Tacos,4.0,188,1050 S Flower St,90015
672,qhPBVr8vv75EsQXB_B194Q,V Los Angeles,4.0,279,515 W 7th St,90014
673,SLxKy00itrk-ta8r8zCzTA,Easy Street Burgers,4.5,220,1000 N Western Ave,90029
674,2JdQ9vo87C5dQroHzW0oYg,Go Go Bird,4.5,103,9355 Culver Blvd,90232
675,Y2_4gSj9r2pzktbkWZrlig,Lodge Bread,5.0,17,8532 W Pico Blvd,90035
676,J3_JwqWPTO8EXO5SKRkQtA,Hollywood Shawarma,4.0,22,6319 Hollywood Blvd,90028
677,xcGGRbDXSGzefu_5dI8wqA,Yuchun,4.0,1226,3185 W Olympic Blvd,90006
678,7SCpCvd8-RDDvQhSmNe5dQ,R Bar,4.0,662,3331 W 8th St,90005
679,HvaKhiJtuLag0ZlXosYNUw,Twozone Chicken,4.5,307,3516 W 8th St,90005
680,xmKfyAfDj5osCzz3qN8ZGg,Rock and Grill,5.0,27,2201 W Pico Blvd,90006
681,ho3kMMflXm9q9skQui4ioQ,Chef Kang Korean Taco,5.0,37,3959 Wilshire Blvd,90010
682,cJ5bhdV-9co0BVByR34jgA,California Grill Restaurant,4.5,114,800 N Virgil Ave,90029
683,FK2gwXlaA8Dpu9ufxgIXzA,Il Giardino,4.5,76,3201 S Hoover St,90089
684,ZpMi8UddVhG2_pN8be6HXw,Greenleaf Kitchen and Cocktails,3.5,153,929 W Jefferson Blvd,90007
685,2ptYhY0gxay6PwdCzAsTmw,Le Petit Greek,3.5,451,127 N Larchmont Blvd,90004
686,m3860pcbhauSFWpJF2z91A,Basbussa,4.0,78,8338 W 3rd St,90048
687,peYvHy00ndX-sPdCxnAWXw,Guy Fieri's Flavortown Kitchen,4.5,4,,91608
688,7PBCXVHfIYYGEabTeeCrtw,POLANCO Modern Mexican Steakhouse,4.0,51,840 S Spring St,90014
689,vrGfzIrzeKbXZ_WGubBb3Q,Boo's Philly Cheesesteaks - Silverlake,4.0,1335,4501 Fountain Ave,90029
690,u5v6CeUG286gUP1bmGs9Qw,Shin Chon Seolnongtang,4.5,146,3033 W 6th St,90020
691,4fa2rkET8eT6sf9kUZx0jQ,Daebokjung,4.5,55,2010 James M Wood Blvd,90006
692,2t-FTIdnJC1gDjpims7oMQ,El Huero,4.0,1098,3000 S Figueroa St,90007
693,KQ8surQGsdsUpjLoVMUW-A,Kiku Sushi,4.0,475,246 N Larchmont Blvd,90004
694,6wCf5bH6Prfrk6kxxhxfWQ,Millet Crepe,4.5,38,2011 Sawtelle Blvd,90025
695,EtYraN2nwiuv2WQR8ZHDQg,Yang Ga Neh,5.0,10,1676 W 11th St,90015
696,v5JaR9R_p0dnyDtefjtF9A,Blackbird Pizza Shop,4.5,463,7459 Melrose Ave,90046
697,YBmk31pBPukmnRyioe5uBA,Sushi Gen,4.5,4076,422 E 2nd St,90012
698,-7-7Rqxo2-4RiJ9Yv0T_-A,Chifa,4.0,241,4374 Eagle Rock Blvd,90041
699,1XR2J2k4xWW72I_y-aQTRQ,Terrace Restaurant,3.5,3,8358 W Sunset Blvd,90069
700,vAGszIli2pkHf_0HolmLmw,Mi Corazon,4.0,475,2609 Hyperion Ave,90027
701,6XYHpIJrE1YRNOGnScp0gA,Ham Ji Park,4.5,171,4135 W Pico Blvd,90019
702,FQT1DQVA0QwhEDs2i-ZNDA,Monarca Pasta & Grill,4.5,159,2703 S Vermont Ave,90007
703,FfuuxavSBU_umwIVr2r8bw,Hatchet Hall,4.0,922,12517 W Washington Blvd,90066
704,dFYLa1j5-FsjAKayBf6MWw,Casita,4.5,316,14015 Ventura Blvd,91423
705,w5EOeYOoxmbYWJ1sUVD94w,Comfort Kitchen,4.5,36,5700 Wilshire Blvd,90036
706,gX802b6PyS51OjFrXacWfA,Holy Basil,4.0,210,718 S Los Angeles St,90014
707,rATll-xwVa_NYlCBB0UaxA,NY Crust Pizza,3.5,210,5421 Santa Monica Blvd,90029
708,O1mZqTsmuDs8vtUhDsvMIA,Sky's Gourmet Tacos,4.0,1237,5303 West Pico Blvd,90019
709,Qy8Qrv3ZOt7swuA7Rw5mHw,Porchetta Republic,5.0,128,1220 West 7th St,90017
710,iM1jGSf06bihs3GUDbJqjQ,Wok N' Tenders,4.5,66,312 W Olympic Blvd,90015
711,tGusz6xqBBABc1awGP1aLA,Shabuya,4.0,761,1925 W Olympic Blvd,90006
712,aiECaCjhSTVopFyFHxuvgQ,Thanks Pizza,4.5,133,450 S Western Ave,90020
713,nxOmiITLYE3AdEqrSZIRDg,Young King,4.0,623,3100 W Olympic Blvd,90006
714,tyuhJgxBkk16mdYNXjwRIg,Salt's Cure,3.5,420,1155 N Highland Ave,90038
715,2l796WkmCJ8mdEQCWO4C1w,Capri Club,4.5,26,4604 Eagle Rock Blvd,90041
716,U2xdaP7MkCzL5Qr7SgFXVg,Lemonade,4.0,614,626 N Larchmont Blvd,90004
717,VI1U5HOitbUGA6AOvk_jZA,Ima,4.5,49,9669 Santa Monica Blvd,90210
718,z9_3AoFM_VAHeb0HSnz_-Q,Santuari,4.5,310,6711 Forest Lawn Dr,90068
719,zNkJG9Hd74blhJ6JBIFY0Q,City Tacos,4.0,31,835 W Jefferson Blvd,90089
720,MKseq9X_3EurekZ0qBs8_Q,Cereal & such,4.5,6,4157 1/2 Normal Ave,90029
721,neJYe_OQ6jv5sy-myluwIg,El Zarape Vine,4.5,36,1358 Vine St,90028
722,H-59njjlarE5GFpR5NdyGg,Yangban Society,4.0,134,712 S Santa Fe Ave,90021
723,bZvzLXrCj8hya33di73d8Q,Laurel Hardware,3.5,1794,7984 Santa Monica Blvd,90046
724,x8w0GIFJVs7Z2WF_rDE_4g,Garden Grille,4.5,3,2005 N Highland Ave,90068
725,fBLnD9qxQggvDSPyOBsBLg,Ong Ga Nae Korean BBQ,4.5,632,936 South Vermont Ave,90006
726,gLn9MKqseb1leWZOWqD54g,Mocha City,4.5,39,4221 Wilshire Blvd,90010
727,xdpHcR7sG5eedSOfceVGZw,Tonkatsu House,4.0,173,928 S Western Ave,90006
728,OQtm6aFK58dUVJRBMTxyqg,Kinjiro,4.5,419,424 E 2nd St,90012
729,wa3VXlj29ZxbU39OEZiOBw,Bul Bul E Jokbal,4.0,56,379 N Western Ave,90004
730,2LIX4bMsB6a1GvR-Ws9G-w,Ziggy’s Hot Chicken,4.5,26,121 N Virgil Ave,90004
731,__sH8x4w9v2sCbZlhpjjQg,Clemen's Restaurant,4.0,17,3551 S Western Ave,90018
732,0kXAJeO1rL4zxa8sa7zL3g,Iki Ramen,4.5,567,740 S Western Ave,90005
733,BPgbSNw9tPUSaZpuhjVgfA,Joon Shabu Shabu,4.5,1221,220 E Broadway,91205
734,X_QoHd32bFtUXOilyit44A,Speranza,4.0,624,2547 Hyperion Ave,90027
735,OV0dGThU7E0ZevFSuSbqZQ,SiSiG,4.5,75,1714 W Temple St,90026
736,NJ5zXTQzIlkG-EhDwqMaIQ,Somos Oaxaca,5.0,31,3224 Venice Blvd,90019
737,cGPwkO-avZU1d17fQkjBgQ,Wadatsumi Beverly Hills,4.5,280,410 N Canon Dr,90210
738,z0euY_NfiM2obp_BcBgwqQ,L.O.L,5.0,10,928 S Western Ave,90006
739,OsLpB7cWHwsNyiH8-gedoA,Hollywood Thai,4.0,627,5241 Hollywood Blvd,90027
740,BPgbSNw9tPUSaZpuhjVgfA,Joon Shabu Shabu,4.5,1221,220 E Broadway,91205
741,X_QoHd32bFtUXOilyit44A,Speranza,4.0,624,2547 Hyperion Ave,90027
742,OV0dGThU7E0ZevFSuSbqZQ,SiSiG,4.5,75,1714 W Temple St,90026
743,NJ5zXTQzIlkG-EhDwqMaIQ,Somos Oaxaca,5.0,31,3224 Venice Blvd,90019
744,cGPwkO-avZU1d17fQkjBgQ,Wadatsumi Beverly Hills,4.5,280,410 N Canon Dr,90210
745,z0euY_NfiM2obp_BcBgwqQ,L.O.L,5.0,10,928 S Western Ave,90006
746,OsLpB7cWHwsNyiH8-gedoA,Hollywood Thai,4.0,627,5241 Hollywood Blvd,90027
747,r8xaIfqjRRFpEg_jvWJOTQ,Workshop Kitchen + Bar,3.5,21,127 S La Brea Ave,90036
748,lx0ohxTwphu8CzOA4xz8-Q,FishPop,4.5,159,3446 Wilshire Blvd,90010
749,jUUL15bDuUwwX73Mqivisg,Poke Me,4.0,321,310 S La Brea Ave,90036
750,2n9gAtOvARpVPygaWH1tTQ,Gucci Osteria da Massimo Bottura,3.5,166,347 N Rodeo Dr,90210
751,v9RZZLxE39Zx9L0mXB8kww,Shabu Shabu House,4.0,1446,127 Japanese Village Plaza Mall,90012
752,0KicdACooH2zW9c7XWmR9Q,Monty's Good Burger,4.5,674,1533 W Sunset Blvd,90026
753,qOKsBrRBSrOuVBBCvnzrMw,Avra Beverly Hills,4.0,1149,233 N Beverly Dr,90210
754,rpWdiTM-i4i3a3otIxoJnw,Highly Likely,3.5,414,4310 W Jefferson Blvd,90016
755,LiQ4H9HKUWcSDhCbfAfLdg,365,4.5,60,3300 W 6th St,90020
756,Lqmd-E8G7qOlrki2V_QyIw,Sunset Rooftop,4.0,130,6097 W Sunset Blvd,90028
757,njyf0pk4spqk5jRLUVlN-A,Combo A,4.5,431,1411 Echo Park Ave,90026
758,DhYp23R5w6Y7yBZXCj1bdQ,La Kubanita,5.0,13,101 S La Brea Ave,90036
759,V-eVoKK5lhj8Fk_cw3AGRA,Summer Buffalo,4.5,502,7275 Melrose Ave,90046
760,CN74EfWcTD2j2MaCSTTTMQ,Hanabi,4.5,87,3954 Beverly Blvd,90004
761,vC_6J_nGyf4J8xt-Vu6Shw,Chichen Itza Restaurant,4.5,1335,3655 S Grand Ave,90007
762,ubOBDUCB_WJNZaY_iutZ-Q,Iron Teapot Dim Sum & Bar,3.5,500,10306 Venice Blvd,90034
763,tXWWGFaKQBggwOKMdOuCdA,Sabor Nicaragüense Restaurant,5.0,118,1927 S Western Ave,90018
764,IzLRBCRlworctabyPjvXjw,BBQ + Rice WeHo,4.5,349,7363 W Sunset Blvd,90046
765,UJg9U_6djc7Wc089s1hFCg,Honey Bee's House of Breakfast,4.0,871,4715 W Adams Blvd,90016
766,4AX7DMPPq2t-Hf8dEpi3yA,Yuko Kitchen - Los Angeles,4.5,421,101 W 5th St,90013
767,7sZnRtSBZcrScdtE-gWyPw,Chi Spacca,4.0,620,6610 Melrose Ave,90038
768,hThifVvziVJbn_GzsagItw,800° Woodfired Kitchen,4.0,560,1521 N Vine St,90028
769,Q-7u7kPhVeGYV8DdKbj02A,Isaan Station Thai Street Food,4.0,650,125 N Western Ave,90004
770,hPevQl0mBhTFUXZ0baMq0Q,RiceBox,4.5,314,541 S Spring St,90013
771,p0sW66vtBj6OLG4QEMRpgw,Bee Taqueria,4.5,172,5754 W Adams Blvd,90016
772,eQ-OpJtbcQY90V7-A7Zpow,Pao Jao Dumpling House,4.0,145,928 S Western Ave,90006
773,rf20-kFTkk9BC4tfr8K_3g,Trejos Tacos - La Brea,3.5,1888,1048 S La Brea Ave,90019
774,hE3V62jsVqRC2AYcn7KPAg,Joo Pocha BBQ,5.0,15,4163 W 3rd St,90020
775,-2kcgcEpQL4YhBloldAQlg,HRB DTLA,4.0,194,529 W 6th St,90014
776,PWKG8FkZHNchXS7yP2RUYA,Bike Shed Moto Co - Los Angeles,4.5,154,1580 Industrial St,90021
777,m2LZT8qbSyAyJARcDGgyGg,Justin Queso's Tex-Mex Restaurant & Bar,4.5,250,8917 W Sunset Blvd,90069
778,H4ew518bqV4ew61g-brTrQ,Button Mash,4.0,655,1391 Sunset Blvd,90026
779,8TUWLXWgswfRfMBymL0WRg,COD Restaurant,4.0,908,8408 W 3rd St,90048
780,ZV1cQKQfJBaG0Btm1-CArQ,Belizean Paradise,4.0,187,1271 S La Brea Ave,90019
781,4GBnXG__jDRwi9bYs7fnvw,Taylor's Steakhouse,4.0,1347,3361 W 8th St,90005
782,CM-ImDpKvgaN2hvCuqPGkg,Mapo Korean Soup House,4.5,38,709 S Vermont Ave,90005
783,qpZCi8oVqxOA_YSIaCaMnw,Northern Cafe,3.5,344,2904 S Figueroa St,90007
784,o06A9BSIROcCGdWxNisf3g,Umaya LA,4.5,74,3322 Wilshire Blvd,90010
785,DJWMXLbhweA65pAg0-6ZVQ,My Crab House,4.0,127,5820 Melrose Ave,90038
786,LvCe3gVQJrMGPi0LxcEAlg,The Six Chow House Studio City,4.5,2920,12650 Ventura Blvd,91604
787,bKeJWK8yxAo0x5y_0kGyVA,Mercado Hollywood,4.5,787,3413 Cahuenga Blvd W,90068
788,Kb3LR84y-26zZOGHjLmWeQ,Saint Felix,4.0,475,8945 Santa Monica Blvd,90069
789,VS_7q4eJbIv2VPHkU0CIVQ,Papa's Chicken,4.5,311,3003 W Olympic Blvd,90006
790,QGvu135f0LYW8XSQ9cYG7Q,Nam Won Gol,4.5,58,3623 W Pico Blvd,90019
791,zeI67-HryNnphV4-r-3nag,Kitchen24,3.5,1209,8575 Santa Monica Blvd,90069
792,7RJAk85utbsK5OEvF5YHjQ,El Granjero Cantina,4.0,113,6333 W 3rd St,90036
793,_8Tvjpgu56ioJf0ohHzUUg,Seoul Garden Restaurant,4.0,564,1833 W Olympic Blvd,90006
794,iqjA5r6w_bFB2R4hseqhhQ,Dino's Chicken and Burgers,4.0,2235,2575 W Pico Blvd,90006
795,GPGSBlT_Qivav8vH_d2yOg,Din Tai Fung,4.0,2218,10250 Santa Monica Blvd,90067
796,FlL2h3iROzhAIVBp3OaA9g,Road To Seoul,4.0,3995,1230 S Western Ave,90006
797,RAzUPIaCuqufZoPV9gwzUQ,Honeybird,4.0,194,3201 S Hoover St,90007
798,-TbXlVKr3gOAV1r7k-XEQA,Noya Kitchen,4.5,230,4204 W 3rd St,90020
799,eCnYyV6biWxm1NQJTQ0Wig,Pailin Thai Cuisine,4.5,494,5621 Hollywood Blvd,90028
800,2jE8MmJk1R3vfCz0roFwXQ,Seoul Pho,4.0,183,450 S Western Ave,90020
801,yq4h4EASxG1qtHVpHAcM1Q,Hog's Head Pub,4.5,75,100 Universal City Plz,91608
802,JI5nDSILR7XPY5T7xTQ1VA,Le Comptoir,4.0,162,3606 W 6th St,90020
803,U7-UBPHK44Y_9wyfOmuHuA,The Boiling Crab,4.0,2466,3377 Wilshire Blvd,90010
804,iXBI6cgoZhI-pzhKf78yyw,Mastro's Ocean Club,4.0,70,1200 S Figueroa St,90015
805,1e2xUWqt4YeoWhCKFqpDsg,Hakata Izakaya HERO,4.5,104,1929 Westwood Blvd,90025
806,QKNCjonKZ8OkfbCD_j7JHA,La Boucherie,4.0,440,900 Wilshire Blvd,90017
807,w2tw_rS7uB-9KwjDkQOg4A,Bull & Dragon,4.5,21,1842 W Washington Blvd,90007
808,Itqs4uvaV25bpljDblTLkw,Study Hall,4.0,168,2827 S Hoover St,90007
809,t5ma51ZbTl40_pG4RxEglg,Crispy Cuban,4.0,69,1314 W 12th St,90015
810,eOE6OQX0P87jALUycKvR_w,Bollywood Grill,4.5,135,6756 Hollywood Blvd,90028
811,MKzpvCubZUrS3WKa9NIgdQ,n10 Los Angeles,4.0,291,8436 W 3rd St,90048
812,zbO-Y5Xi2UbtcRaYysGhmQ,La Brea Ramen and Sushi,4.0,556,5224 Wilshire Blvd,90036
813,nMj6IEft0iSGtWoiJy8vjw,SongDo Seafood,4.5,34,608 S New Hampshire Ave,90005
814,iD-G9bACYgkBWOq_IAGVVA,The Grain Cafe,4.5,1085,4222 W Pico Blvd,90019
815,IPb017U65V56piqOE1T12g,Metztli Taqueria,5.0,13,7953 Santa Monica Blvd,90046
816,f2Kf3p31IQMiFl2jHXrVaA,Brick & Flour,4.0,1916,1015 N Pacific Ave,91202
817,2DA_uS3r3whobKVWYs9fpw,Soban,3.5,443,4001 W Olympic Blvd,90019
818,-XwCatxfjyujeYbhh6ukrQ,Larchmont Village Wine Spirits & Cheese,4.5,1005,223 N Larchmont Blvd,90004
819,tIi1cO3cqs10h482ZhjnpQ,GOZEN - Japanese Sake Bistro,4.5,53,521 N La Cienega Blvd,90048
820,4uSZ0G-8hteI26CBYWnwgg,Amandine Patisserie Cafe KTown,4.0,363,3121 W Olympic Blvd,90006
821,szcrp3Yhq6LvblvN7aK39A,Kismet Rotisserie,4.0,145,4666 Hollywood Blvd,90027
822,N1MS1OZtuvAUY56xtpr04Q,Byrdie's Rotisserie,4.5,79,8030 W 3rd St,90048
823,eXZyAF5Xk1u-d9vnkeNPXg,Birdies,4.0,2135,314 W Olympic Blvd,90015
824,5BC0n-Fz8ipkXjZ0P1CiUg,Bootleg Pizza,4.5,134,1066 S Fairfax Ave,90019
825,QEGYtRXGlpuco8jE7u0tGw,Marino Restaurant,4.5,447,6001 Melrose Ave,90038
826,uJK1SCcuw4y5stmMKFFmtg,Simply D's Chicken Strips N Dips,3.5,306,4641 W Washington Blvd,90016
827,lXipm1mnODP19kdviBqn4g,La Chuperia,4.5,308,3742 S. Flower St.,90007
828,BZcPwijPRqY7tynRzt2UTA,Eggslut,3.5,439,8500 Beverly Blvd,90048
829,J_lx7R83sKaXGwAE0_YKoA,Wok Bar,4.0,69,3055 W 7th St,90005
830,LY7ERi0y0OPzk-pNhFadDw,Camphor,4.5,81,923 East 3rd St,90013
831,RoM0cwCsu6CJC_pb8iJqxw,La Cocina Mexicana,5.0,8,5520 Santa Monica Blvd,90038
832,PIZ8NNL-JBWjKAJYJhsOXg,Il Tramezzino - Beverly Hills,4.0,631,454 N Canon Dr,90210
833,iFQOcE33X12V_iO4WY1qqg,Tokyo Cube,4.5,586,3175 Cahuenga Blvd W,90068
834,cn0oI6wtGmDXzJy9x8kZYw,Here & Now,4.0,180,300 S Santa Fe Ave,90013
835,HMtELtG-dOPDpdxZeW0G2g,Thai Angel,4.5,108,149 N Western Ave,90004
836,aScRMC73mg2mCFRgzrC_mQ,Nugtown,5.0,23,5200 Melrose Ave,90038
837,4WxdnpUFTCr8XU_8lPpX8w,Shake Shack,3.5,807,6201 Hollywood Blvd,90028
838,1ZEUvoDlg7ixlwwlK2a3mQ,Ha Sun Saeng - Master Ha,4.5,378,1147 S Western Ave,90006
839,ml2zE3ybWyJmQlSKsf1SZA,The Drunken Burrito,4.5,52,6655 Hollywood Blvd,90028
840,VzHJuws0xqcqDe5D9vNRUw,Lobster & Beer,4.0,1070,3456 Motor Ave,90034
841,BIQ7JSxF8dWwwNxVwbCxtw,Cafe Nemo,5.0,17,1032 Crenshaw Blvd,90019
842,glBduWUBLI4AEVAym4W6Ug,Burgers 99,4.0,152,131 S La Brea Ave,90036
843,5V7zNZ9IdSUCYrZRXAg2hA,Yard House,3.5,2913,800 W Olympic Blvd,90015
844,9FuxqbYXM0vaPnzrQ7B_qQ,Soowon Galbi KBBQ Restaurant,4.5,2762,856 S Vermont Ave,90005
845,jCDnwiF2JN5OBbzwlrWuhA,Myung In Dumplings,4.0,838,3109 W Olympic Blvd,90006
846,Z3Vbl79nkhkwZ3D2JYAjAg,Crawford's,4.5,345,2616 Beverly Blvd,90057
847,geGu4PB5dJax9r-zEQV-gg,The Capital Grille,4.5,118,700 W 9th St,90015
848,eC6LKNPIDWHFj4KgDZgpJQ,Uncle Johnny's Burgers,5.0,103,,90028
849,FBRxoQSWtziiU_A5tscVGA,La Barca Restaurant,4.0,987,2414 S Vermont Ave,90007
850,c5lBujpxYy8vPqF4bYkGcg,Kai's Table,3.5,174,1091 S Hope St,90015
851,coTzuG6YYIwexqL4BOTeNQ,Buil Samgye Tang,4.5,487,859 S Western Ave,90005
852,LruRPzJ1nOS3_04LV1HAUA,Mr Fries Man,3.0,82,3844 S Figueroa St,90037
853,00oKmxvpfwk1oikKnQAXDg,Simonette,4.0,291,3927 Van Buren Place,90232
854,aQFguaddjBna3ZIBsxjeeA,Joan's on Third,4.0,2467,8350 W 3rd St,90048
855,cr5ZdMoW11llelF8Dv82QA,Olive Garden Italian Restaurant,3.5,93,4835 Venice Blvd,90019
856,hsg7A_rxF-G4Zp0TgAsIfw,Freedman's,3.5,228,2619 Sunset Blvd,90026
857,RM7bFAKup8tBn8DMPhmHFg,Somemore LA,4.5,81,2717 W Olympic Blvd,90006
858,fp3o_H2qW8OgScWO4F4udA,Phorage WeHo,4.0,109,7326 Santa Monica Blvd,90046
859,8fnmCiqpLdtU2XvmofwjpA,Hoy's Wok Chinese Kitchen,4.0,774,7105 W Sunset Blvd,90046
860,DTNkPkI26mgK-HChoFtusw,Kimbap Paradise,4.0,249,401 S Vermont Ave,90020
861,Cbi-gvzS75V2xef4xcwnxQ,Lumière Brasserie ,4.5,49,2025 Avenue of the Stars,90067
862,ialCeqYzy-N5NujJq1GikA,Wako Donkasu,4.0,709,3377 Wilshire Blvd,90010
863,J_brGEHHikhvEUiVVwVCsg,Tartine West Adams,4.0,63,5335 W Adams Blvd,90016
864,I0Z8r5SGmklK3mqzbcHrUw,Breakfast Republic,4.0,235,7141 Santa Monica Blvd,90046
865,bW10JkbOUpWUnDe_4AMwkA,Dha Rae Ok,4.0,102,1108 S Western Ave,90006
866,qDmJaJjLtjcB4Evd-VCbNA,Simpang Asia,4.0,1935,10433 National Blvd,90034
867,DFxdMe57YmQ54HK3cu3vpQ,Torigoya,4.0,204,123 Astronaut E S Onizuka St,90012
868,lYfTKG3uhA5m4coAqWu4ng,Jaragua,4.0,481,4493 Beverly Blvd,90004
869,rIkpMo_HRh3XkH_Te-v7-A,LA Number 1 Chueotang,4.5,33,4251 W 3rd St,90020
870,VB9-IUhiToEhirKHh7M7AA,AIR FOOD L’APPART,5.0,103,130 E 6th St,90014
871,R3dhPDcl3bYhRXwCWvIK2w,MORIHIRO,4.5,74,3133 Glendale Blvd,90039
872,L0eVmdUGzKcyYID5zJqNZA,Muerdeme,5.0,8,4850 Fountain Ave,90029
873,wyZWl-NqeTa38KloWu5jQw,Friends & Family,4.0,224,5150 Hollywood Blvd,90027
874,r-fSfUmzulH_k8_hfrEFVw,All About the Bread,4.0,1172,7111 Melrose Ave,90046
875,gp4dXraq09Bv-v19Dn0k9w,Moderno Cocina,4.5,34,7511 Santa Monica Blvd,90046
876,VKr1eRPJAH7RIAHXtrSG6A,Miari Noodle House,4.0,162,3224 W Olympic Blvd,90006
877,C-XzWJ99b6nFCQAAfh3mrQ,Fukurou Ramen,4.0,599,5103 Hollywood Blvd,90027
878,s-sVDE_DJjhlGwJMentdkQ,La Casita,4.0,49,939 S Figueroa,90015
879,FSJrDmvmVUyyYDUR_atwsw,Bridgetown Roti,4.5,67,672 South Santa Fe Ave,90021
880,vPL697H_kC4p_PRFzXCR_w,Dogs Chicks,4.0,61,1551 W 7th St,90017
881,osx53rqjXe6l9f5FJraVZw,Yamashiro Hollywood,3.5,4959,1999 N Sycamore Ave,90068
882,JicwLizIrqIvzn7LEBpHlQ,Wako Donkasu,4.0,637,2904 W Olympic Blvd,90006
883,5zYBoDGqO__fe5TYs6JapA,New Kamara Restaurant,4.5,67,709 N Hill St,90012
884,FsdfS-F31Ri-6_84WYoVdw,Soonheene Koreatown,5.0,7,3250 W Olympic Blvd,90006
885,oZb8ELhulgbxfVAU5FX25A,Dubai Sauce Modern Grill,4.5,340,6510 Hollywood Blvd,90028
886,QADDG3waUFFqhjnSn_qfsA,The Black Cat,3.5,552,3909 Sunset Blvd,90029
887,diid88kbY0ox_r_3jc6fBA,LA Tofu House,4.0,94,401 S Vermont Ave,90020
888,GfqdLQ1Xs-yvGq_BHVm8HQ,Louisiana Pico Seafood,4.0,127,3601 W Pico Blvd,90019
889,8RXJiao_twvDmzDAqwkw6w,KOBUNGA,4.5,213,929 W Jefferson Blvd,90089
890,ZROWIc3EfvE5kiLu-uedTw,Witch's Chicken,4.5,160,3250 W Olympic Blvd,90006
891,FZVggU2nUN7YnCiZfpWjyw,Connie & Ted's,4.0,2064,8171 Santa Monica Blvd,90046
892,UUlGlPfy0FsReQ2LWWBSWw,Tire Shop Taqueria,4.5,608,4069 S Avalon Blvd,90011
893,AMiUog-9o-qT-uNWfTwuLg,CUT Beverly Hills,4.0,1738,9500 Wilshire Blvd,90212
894,azyDb-6veFabKKIfLleiMg,Tere's Mexican Grill,4.0,627,5870 Melrose Ave,90038
895,vh76YbStP7hrocP_TOspVg,The Jolly Oyster Bar,4.5,114,9355 Culver Blvd,90232
896,PXYKRPkEcf4Mczfp_AfP0w,Corn Man,4.5,1044,2338 Workman St,90031
897,tNLPTQYYfzh3IL7YoS1s_g,District,4.0,600,700 West 7th St,90017
898,MltwcufAgZHUftzJhFEfKw,Krack N Krab,4.5,183,222 N Western Ave,90004
899,Zof4QDg2sJe3kle1cP9I9g,Carasau,4.5,333,3918 Van Buren Pl,90232
900,fDIERa8MupwJMTJ97upAPg,Ackee Bamboo Jamaican Cuisine,4.0,472,4305 Degnan Blvd,90008
901,bntaaduchQQiBI7Dt12Pgw,Thank U Pho,4.0,769,3522 B W 8th St,90005
902,H_1Sl-twyrUqmBWB1Zx_Pw,Eastside Italian Deli - Los Feliz,4.5,63,1761 N Vermont Ave,90027
903,sW4TXgV9Sl-PMKJHINMkqQ,The Office Hours,5.0,2,919 Albany St,90015
904,eIip70AtYPjJsC4kh1uTjg,Neri's,4.0,321,3377 Wilshire Blvd,90010
905,N4pjPdbE4mM1THvdj5085w,Barbrix Wine Shop & Restaurant,4.0,1217,2442 Hyperion Ave,90027
906,7Obw1m6265thex8r9BKwJw,Seorae Village Pork BBQ,4.5,71,2585 W Olympic Blvd,90006
907,Tkzh221MTpFI7SAIgx4Otw,Haute Mess LA,4.5,111,7673 Beverly Blvd,90036
908,SRbi5518kE2bAmWndx90BA,The Wine Bar,4.0,68,2301 N Highland Ave,90068
909,et-BaxAfGLpTufqfimbPUg,Mountain Cafe,4.5,246,3470 W 6th St,90020
910,H6zhdp4uIC7a8Dq-ZBjH4Q,Wax Paper - Los Angeles,4.5,375,2902 Knox Ave,90039
911,S8rXjn2aMaoONx468cWRag,Jang Choong Dong JokBal,4.0,101,2716 W Olympic Blvd,90006
912,yAuYzMcr57EVrPzyOcODlQ,Comfort LA,4.0,1072,1110 E 7th St,90021
913,IBthDLHW6EPfIgOHuwhf7w,SongHak Korean BBQ,4.5,349,356 S Western Ave,90020
914,B6fT0KdNWPKH9Yjaz06NiA,Biriyani Kabob House,4.5,1039,3525 W 3rd St,90020
915,oiWgt8ncTDsM9_aij6tCyw,Bianca,4.5,328,8850 Washington Blvd,90232
916,ZfQmSPXjoZn6ug6nyeQqDw,Todos Santos LA,4.5,9,5946 Sunset Blvd,90028
917,JZzDVtjYVM-_mrYBFObROg,Il Patio di Eataly,4.5,4,10250 Santa Monica Blvd,90067
918,adrzBN4C3jpoCAzJX-xscw,Pa Ord Noodle,4.0,1621,5301 W Sunset Blvd,90027
919,BqafbG9ISkSUhtH1YHsEWg,Sawa,4.5,7,111 San Pedro St,90012
920,oGV5efg62_PKRJsVNJmtCQ,Ariyoshi Sushi Cafe Izakaya,4.0,1180,5358 Wilshire Blvd,90036
921,tWkqjOEcoDuh5hvMdRSa7Q,Swift Cafe,4.5,96,4279 1/2 Crenshaw Blvd,90008
922,MSMezewQ94U99Q0ufNBGLQ,Aizen,5.0,64,232 E 2nd St,90012
923,JFc9t0vL5n2bMLvTwcWGOQ,Fat Dragon,3.5,252,3500 W Sunset Blvd,90026
924,Q1M5NCS2eLnOfhOVhicywA,Coin De Rue Bakery & Cafe,4.5,126,1110 S Western Ave,90006
925,Su2ts0CfPazGJe6zWNb12A,Fresh Corn Grill,4.5,1102,8714 Santa Monica Blvd,90069
926,37gMBHZA9OVE_tckoSRC4Q,Lindo Oaxaca,4.5,87,322 E Washington Blvd,90015
927,3OJt-Xj45NfCCFwaeKMaeg,Luv2Eat Thai Bistro,4.0,1137,6660 W Sunset Blvd,90028
928,VlM9Xuc5RAAI2IFZGTBlWA,Majangdong,4.5,84,3063 W 8th St,90005
929,nUT0BaARIUa1I_qV39mj9A,Ostrich Farm,4.0,497,1525 W Sunset Blvd,90026
930,YogbTMhCedN50yU_-Cyygg,Lulu,4.0,56,10899 Wilshire Blvd,90024
931,xQWYGO2S3GrOe_fm6NcRbw,The Thai Thing,4.0,380,6015 W 3rd St,90036
932,hGlDWVo8uqxksFSwWC3AZA,Uovo - Marina del Rey,4.0,230,4635 Admiralty Way,90292
933,W8RQPUOgLC7d_kO0h3B_QA,Calif Chicken Cafe,4.0,1058,6805 Melrose Ave,90038
934,3Pb-4J48-EC3-e8pbaLPOg,Esco's Pizza,5.0,92,615 N La Brea Ave,90036
935,_joblNyGX1-cs4ZZHYCNvw,King's Hawaiian Grill,4.0,8,1000 Vin Scully Ave,90012
936,uMar62it3cUFxPRuXbYoMw,Mel's Fish Shack,4.0,540,4524 W Jefferson Blvd,90016
937,R5Y4lnegexOOWjEHI16IyQ,Bubba Gump Shrimp,3.5,1405,1000 Universal Studios Blvd,91608
938,4H_NG76ffZOuw79qmiRJxg,Moobongri Soondae BBQ,3.5,135,545 S Western Ave,90020
939,VBJD0FVv5gxyYltvnwi5qQ,Chinatown Express,4.5,96,4201 Beverly Blvd,90004
940,A645aTNuEoeXp1AniiDd-Q,Highlight Restaurant,4.0,16,1651 1/2 N La Brea Ave,90028
941,SvI6fyIQqBWswxwcE3LaOw,Margot,3.5,927,8820 Washington Blvd,90232
942,Nn74X-xVs_QKcim4jtiJeA,Kuushi Sushi,4.5,14,5905 W Wilshire Blvd,90036
943,J5VIIA_KdB33zQR8vgo5MA,Gus's Drive In,3.5,494,1657 W 3rd St,90017
944,LUUZPyjyEPLb6Zdc1zx_aA,Elbow Room,4.5,267,1634 N Cahuenga Blvd,90028
945,U8BIlthPiYnygxg8OlFFfA,Mesón Cafe,4.5,430,459 N Western Ave,90004
946,RYEGamxaPofHUOH75J22OA,Cafe Amici,4.0,274,469 N Doheny Dr W,90210
947,egFoQz8MfqxtabJN1rdIYQ,Uovo - Studio City,4.5,179,12833 Ventura Blvd,91604
948,52lP22xMZIJX--2sPhEm_g,Sunset Grill Cafe,4.5,3,1300 N Vermont Ave,90027
949,CMp0w5cySb4n4XxgmoFdZQ,Capital Seafood Beverly Hills,4.0,304,50 N La Cienega Blvd,90211
950,vXQJSrp5MyC675Pa0ZCVAg,The Milky Way,4.5,115,9108 W Pico Blvd,90035
951,RzSS1N7DrsNTbcUtRrwZDg,KazuNori Marina Del Rey,4.5,191,4635 Admiralty Way,90292
952,zDrvxUy2yUeXOyjpAO5o7w,Zarape Hollywood Hills,3.5,4,2011 N Highland Ave,90068
953,edhKYvJvIFgfREnUFewxiw,SYTK Sullungtang,5.0,50,2717 W Olympic Blvd,90006
954,Vofb2CP_2rSeBvOgy1679A,Get Bbul,4.0,224,3189 W Olympic Blvd,90006
955,ifjQzwvW_cW8u88GzMaUWg,Horses,4.0,125,7617 Sunset Blvd,90046
956,XIDSjZsBkra6y4HsSOD0eQ,The Douglas,4.5,44,1400 W Sunset Blvd,90026
957,3lVM3iTSu5pD2gO2s8dulQ,Gonjiam,4.0,98,4653 Beverly Blvd,90004
958,BHfx-sSC4ccN2VLht66nBQ,Patina Grill,3.0,4,Music Ctr,90012
959,IxBMrUR6XL_aQo2e_8YcEg,Tacos 1986,4.0,202,7235 Beverly Blvd,90036
960,6iJ_E5tMJII601mrzwwdrQ,Uncle John’s Cafe,4.0,864,834 S Grand Ave,90017
961,d88cW5I72q8VxFTgh2pSaw,Mi Ranchito Veracruz,4.5,50,5200 Melrose Ave,90038
962,3dyOjCDS6JqUEr7CkZZNMg,Roberta's,3.5,622,8810 Washington Blvd,90232
963,ii6YiETRUUjabTFi5QO5Rg,Jane Q,4.0,145,1800 Argyle Ave,90028
964,Q3pwRtT8v8oTCKFEYJgCbg,Cassell's Hamburgers,4.0,1764,3600 W 6th St,90020
965,KIAbtzdLZOsDNgiIqoLRMw,JunTong SulLungTang,4.0,286,869 S Western Ave,90005
966,S2OkmL1vW58zbjSZg9TEKQ,California Bowl,3.5,191,706 N Vermont Ave,90029
967,gOARdDJj9lgS4tEuXfUPvw,King Donkatsu,4.0,47,450 S Western Ave,90020
968,k2dhvRV0gtPoDWLuH2OMTQ,ACA Grill,4.5,511,3062 W 8th St,90005
969,I8EMnlUoqoJYzq0RPDuUDQ,Blue Elephant Café,4.5,68,2024 W Washington Blvd,90018
970,wLCvFpvuTdYPuamP8E0nTA,Kim's Restaurant,4.0,234,3860 S Crenshaw Blvd,90008
971,pYBTDOFJL1I8OCz3uDDTfQ,The G Spot,4.5,10,856 E 24th St,90011
972,0uA5OgE1veZF61HtS9ewGQ,First Draft Taproom & Kitchen,4.0,194,1230 S Olive St,90015
973,ewBzn3KF9B7Iw2sYirNM7A,Island Boy Cafe,4.5,22,5025 W Pico Blvd,90019
974,JAcMCVZqG79ZC3nY10p0rA,Tocaya - Hollywood,4.0,566,6550 Sunset Blvd,90028
975,bghqzf2axVNPrX_RAsRZew,Da Pasquale Restaurant,4.5,870,9749 Santa Monica Blvd,90210
976,gEZzvxvK0VtlTXQKelsSxw,Waku Waku Sakebar,4.0,161,1511 N Cahuenga Blvd,90028
977,G35DVlDn65evll2PiGHfQw,Rocco's Neighborhood Pizza,4.0,682,6335 Wilshire Blvd,90048
978,_m17RWLoKvoE1vkcu1mocA,Sunday Gravy,4.5,338,1122 Centinela Ave,90302
979,n--nWwEfxuhWUFeQn9DmSA,Abernethy's,3.5,85,220 N Hope St,90012
980,vD_vPxFQ8Bf4OO32bVsPxg,The Phoenix,4.0,277,8480 W 3rd St,90048
981,D1-dmCe-M6wDi7zXFzgdnA,Mandolin Taverna,4.5,41,1000 S Santa Fe Ave,90021
982,8efc5mYSXUk-GONWr1IScQ,Crispy Pork Gang,3.0,901,5253 Hollywood Blvd,90027
983,t__k23QspwzSrYQTPexXjA,Kashtan,4.5,54,7707 Santa Monica Blvd,90046
984,JSUHJjNr0Vi-MKIKwR_qWw,Dinner With Dres,5.0,10,,90017
985,C_3-Xh9AvJx1ugwvPbQ-OA,Zuma Pop Up at Inko Nito,5.0,1,225 S Garey St,90012
986,I0ume85kAiuEwJ8whH9xXQ,California Market Gimbap & Udon,4.0,81,833 S Western Ave,90005
987,VIPpAJRIiXHzXY3ydz1qww,Bachi Yaki,3.5,46,7661 Melrose Ave,90046
988,1VUA250wk0Yisiez5r5CGg,Choeng Wun Korean BBQ Buffet Restaurant,4.0,225,944 N Western Ave,90029
989,hagTEXx6TQqcT6d_2gz_5w,Rich's BBQ,5.0,68,4100 Sunset Blvd,90029
990,h-fFU-i-WDBjCxqkn0Ve8A,MRKT,4.0,12,6300 Wilshire Blvd,90048
991,Wjckf5QPdVQw1ZG82zEarA,M Grill,4.5,2376,3832 Wilshire Blvd,90010
992,12jL9bVids7OgTm_0_JCbg,The 3rd Stop,4.0,704,8636 W 3rd St,90048
993,cy4gzhbr1C-zG2K-BdxH6g,The Pie Hole,4.0,577,6314 Hollywood Blvd,90028
994,3IoIViOW1W38eQOPWm0_DA,Ebaes,4.0,897,2314 S Union Ave,90007
995,4JZK5nkIP6vKXdWNK8qXEg,Burger She Wrote,4.0,132,7454 1/2 Beverly Blvd,90036
996,WQqFyF6FxTVRojoSN4Nljw,Jae Bu Do,4.0,543,474 N Western,90004
997,IUm-XR_PcbHIARMv8HH0Zg,Good Clean Fun,4.5,60,868 S Olive St,90015
998,8rz9ALsUL8M75OgBpxNH4Q,Mr.Charlie’s,4.5,151,612 N La Brea Ave,90036
999,vu8S4ESHmqWnoVT80lbnUg,Umeda,4.5,152,1253 Vine St,90038
